,country,wdi_code,year,athlete_count,event_entries,wdi_year,gold,silver,bronze,total
0,Afghanistan,AFG,1936,15,16,AFG36,0.0,0.0,0.0,0.0
1,Afghanistan,AFG,1948,25,25,AFG48,0.0,0.0,0.0,0.0
2,Afghanistan,AFG,1956,12,12,AFG56,0.0,0.0,0.0,0.0
3,Afghanistan,AFG,1960,12,16,AFG60,0.0,0.0,0.0,0.0
4,Afghanistan,AFG,1964,8,8,AFG64,0.0,0.0,0.0,0.0
5,Afghanistan,AFG,1968,5,5,AFG68,0.0,0.0,0.0,0.0
6,Afghanistan,AFG,1972,8,8,AFG72,0.0,0.0,0.0,0.0
7,Afghanistan,AFG,1980,11,11,AFG80,0.0,0.0,0.0,0.0
8,Afghanistan,AFG,1988,5,5,AFG88,0.0,0.0,0.0,0.0
9,Afghanistan,AFG,1996,2,2,AFG96,0.0,0.0,0.0,0.0
10,Afghanistan,AFG,2004,5,5,AFG04,0.0,0.0,0.0,0.0
11,Afghanistan,AFG,2008,4,4,AFG08,0.0,0.0,1.0,1.0
12,Afghanistan,AFG,2012,6,6,AFG12,0.0,0.0,1.0,1.0
13,Afghanistan,AFG,2016,3,3,AFG16,0.0,0.0,0.0,0.0
14,Albania,ALB,1972,5,5,ALB72,0.0,0.0,0.0,0.0
15,Albania,ALB,1992,7,9,ALB92,0.0,0.0,0.0,0.0
16,Albania,ALB,1996,7,9,ALB96,0.0,0.0,0.0,0.0
17,Albania,ALB,2000,4,5,ALB00,0.0,0.0,0.0,0.0
18,Albania,ALB,2004,7,7,ALB04,0.0,0.0,0.0,0.0
19,Albania,ALB,2006,1,3,ALB06,0.0,0.0,0.0,0.0
20,Albania,ALB,2008,11,12,ALB08,0.0,0.0,0.0,0.0
21,Albania,ALB,2010,1,2,ALB10,0.0,0.0,0.0,0.0
22,Albania,ALB,2012,9,10,ALB12,0.0,0.0,0.0,0.0
23,Albania,ALB,2014,1,2,ALB14,0.0,0.0,0.0,0.0
24,Albania,ALB,2016,6,6,ALB16,0.0,0.0,0.0,0.0
25,Algeria,DZA,1964,1,7,DZA64,0.0,0.0,0.0,0.0
26,Algeria,DZA,1968,3,9,DZA68,0.0,0.0,0.0,0.0
27,Algeria,DZA,1972,5,7,DZA72,0.0,0.0,0.0,0.0
28,Algeria,DZA,1980,54,63,DZA80,0.0,0.0,0.0,0.0
29,Algeria,DZA,1984,33,33,DZA84,0.0,0.0,2.0,2.0
30,Algeria,DZA,1988,42,45,DZA88,0.0,0.0,0.0,0.0
31,Algeria,DZA,1992,39,44,DZA92,1.0,0.0,1.0,2.0
32,Algeria,DZA,1996,45,47,DZA96,2.0,0.0,1.0,3.0
33,Algeria,DZA,2000,47,51,DZA00,1.0,1.0,3.0,5.0
34,Algeria,DZA,2004,61,71,DZA04,0.0,0.0,0.0,0.0
35,Algeria,DZA,2006,2,3,DZA06,0.0,0.0,0.0,0.0
36,Algeria,DZA,2008,56,57,DZA08,0.0,1.0,1.0,2.0
37,Algeria,DZA,2010,1,1,DZA10,0.0,0.0,0.0,0.0
38,Algeria,DZA,2012,38,39,DZA12,1.0,0.0,0.0,1.0
39,Algeria,DZA,2016,64,74,DZA16,0.0,2.0,0.0,2.0
40,Argentina,ARG,1900,1,1,ARG00,0.0,2.0,2.0,4.0
41,Argentina,ARG,1908,1,1,ARG08,2.0,0.0,4.0,6.0
42,Argentina,ARG,1920,1,1,ARG20,0.0,1.0,2.0,3.0
43,Argentina,ARG,1924,77,109,ARG24,1.0,3.0,2.0,6.0
44,Argentina,ARG,1924,77,109,ARG24,1.0,1.0,1.0,3.0
45,Argentina,ARG,1928,81,98,ARG28,3.0,3.0,1.0,7.0
46,Argentina,ARG,1932,33,47,ARG32,3.0,1.0,0.0,4.0
47,Argentina,ARG,1936,51,68,ARG36,2.0,2.0,3.0,7.0
48,Argentina,ARG,1948,208,315,ARG48,3.0,3.0,1.0,7.0
49,Argentina,ARG,1952,135,195,ARG52,1.0,2.0,2.0,5.0
50,Argentina,ARG,1956,35,44,ARG56,0.0,1.0,1.0,2.0
51,Argentina,ARG,1960,98,130,ARG60,0.0,1.0,1.0,2.0
52,Argentina,ARG,1964,114,170,ARG64,0.0,1.0,0.0,1.0
53,Argentina,ARG,1968,94,144,ARG68,0.0,0.0,2.0,2.0
54,Argentina,ARG,1972,94,129,ARG72,0.0,1.0,0.0,1.0
55,Argentina,ARG,1976,77,122,ARG76,0.0,0.0,0.0,0.0
56,Argentina,ARG,1980,13,26,ARG80,0.0,0.0,0.0,0.0
57,Argentina,ARG,1984,99,152,ARG84,0.0,0.0,0.0,0.0
58,Argentina,ARG,1988,133,179,ARG88,0.0,1.0,1.0,2.0
59,Argentina,ARG,1992,104,157,ARG92,0.0,0.0,1.0,1.0
60,Argentina,ARG,1994,10,20,ARG94,0.0,0.0,0.0,0.0
61,Argentina,ARG,1996,179,221,ARG96,0.0,2.0,1.0,3.0
62,Argentina,ARG,1998,2,6,ARG98,0.0,0.0,0.0,0.0
63,Argentina,ARG,2000,143,165,ARG00,0.0,2.0,2.0,4.0
64,Argentina,ARG,2002,11,26,ARG02,0.0,0.0,0.0,0.0
65,Argentina,ARG,2004,152,179,ARG04,2.0,0.0,4.0,6.0
66,Argentina,ARG,2006,9,17,ARG06,0.0,0.0,0.0,0.0
67,Argentina,ARG,2008,132,145,ARG08,2.0,0.0,4.0,6.0
68,Argentina,ARG,2010,7,20,ARG10,0.0,0.0,0.0,0.0
69,Argentina,ARG,2012,137,148,ARG12,1.0,1.0,2.0,4.0
70,Argentina,ARG,2014,7,20,ARG14,0.0,0.0,0.0,0.0
71,Argentina,ARG,2016,215,232,ARG16,3.0,1.0,0.0,4.0
72,Armenia,ARM,1994,2,2,ARM94,0.0,0.0,0.0,0.0
73,Armenia,ARM,1996,32,38,ARM96,1.0,1.0,0.0,2.0
74,Armenia,ARM,1998,7,7,ARM98,0.0,0.0,0.0,0.0
75,Armenia,ARM,2000,25,26,ARM00,0.0,0.0,1.0,1.0
76,Armenia,ARM,2002,9,17,ARM02,0.0,0.0,0.0,0.0
77,Armenia,ARM,2004,18,19,ARM04,0.0,0.0,0.0,0.0
78,Armenia,ARM,2006,5,9,ARM06,0.0,0.0,0.0,0.0
79,Armenia,ARM,2008,25,26,ARM08,0.0,1.0,4.0,5.0
80,Armenia,ARM,2010,4,6,ARM10,0.0,0.0,0.0,0.0
81,Armenia,ARM,2012,24,31,ARM12,0.0,1.0,1.0,2.0
82,Armenia,ARM,2014,4,6,ARM14,0.0,0.0,0.0,0.0
83,Armenia,ARM,2016,31,34,ARM16,1.0,3.0,0.0,4.0
84,Australia,AUS,1896,1,5,AUS96,2.0,0.0,0.0,2.0
85,Australia,AUS,1896,1,5,AUS96,9.0,9.0,23.0,41.0
86,Australia,AUS,1900,2,6,AUS00,0.0,0.0,3.0,3.0
87,Australia,AUS,1900,2,6,AUS00,16.0,25.0,17.0,58.0
88,Australia,AUS,1904,2,6,AUS04,17.0,16.0,17.0,50.0
89,Australia,AUS,1906,4,10,AUS06,0.0,0.0,3.0,3.0
90,Australia,AUS,1906,4,10,AUS06,1.0,0.0,1.0,2.0
91,Australia,AUS,1920,13,29,AUS20,0.0,2.0,1.0,3.0
92,Australia,AUS,1920,13,29,AUS20,17.0,7.0,22.0,46.0
93,Australia,AUS,1924,37,61,AUS24,3.0,1.0,2.0,6.0
94,Australia,AUS,1924,37,61,AUS24,18.0,19.0,16.0,53.0
95,Australia,AUS,1928,18,29,AUS28,1.0,2.0,1.0,4.0
96,Australia,AUS,1932,13,20,AUS32,3.0,1.0,1.0,5.0
97,Australia,AUS,1936,33,42,AUS36,0.0,0.0,1.0,1.0
98,Australia,AUS,1948,75,103,AUS48,2.0,6.0,5.0,13.0
99,Australia,AUS,1952,90,159,AUS52,6.0,2.0,3.0,11.0
100,Australia,AUS,1956,306,429,AUS56,13.0,8.0,14.0,35.0
101,Australia,AUS,1960,219,318,AUS60,8.0,8.0,6.0,22.0
102,Australia,AUS,1964,248,406,AUS64,6.0,2.0,10.0,18.0
103,Australia,AUS,1968,131,231,AUS68,5.0,7.0,5.0,17.0
104,Australia,AUS,1972,172,278,AUS72,8.0,7.0,2.0,17.0
105,Australia,AUS,1976,188,293,AUS76,0.0,1.0,4.0,5.0
106,Australia,AUS,1980,129,209,AUS80,2.0,2.0,5.0,9.0
107,Australia,AUS,1984,252,357,AUS84,4.0,8.0,12.0,24.0
108,Australia,AUS,1988,271,375,AUS88,3.0,6.0,5.0,14.0
109,Australia,AUS,1992,301,431,AUS92,7.0,9.0,11.0,27.0
110,Australia,AUS,1994,25,47,AUS94,0.0,0.0,1.0,1.0
111,Australia,AUS,1996,417,550,AUS96,2.0,0.0,0.0,2.0
112,Australia,AUS,1996,417,550,AUS96,9.0,9.0,23.0,41.0
113,Australia,AUS,1998,23,34,AUS98,0.0,0.0,1.0,1.0
114,Australia,AUS,2000,617,788,AUS00,0.0,0.0,3.0,3.0
115,Australia,AUS,2000,617,788,AUS00,16.0,25.0,17.0,58.0
116,Australia,AUS,2002,25,41,AUS02,2.0,0.0,0.0,2.0
117,Australia,AUS,2004,470,601,AUS04,17.0,16.0,17.0,50.0
118,Australia,AUS,2006,40,45,AUS06,0.0,0.0,3.0,3.0
119,Australia,AUS,2006,40,45,AUS06,1.0,0.0,1.0,2.0
120,Australia,AUS,2008,432,570,AUS08,14.0,15.0,17.0,46.0
121,Australia,AUS,2010,40,49,AUS10,2.0,1.0,0.0,3.0
122,Australia,AUS,2012,405,514,AUS12,8.0,15.0,12.0,35.0
123,Australia,AUS,2014,60,84,AUS14,0.0,2.0,1.0,3.0
124,Australia,AUS,2016,420,518,AUS16,8.0,11.0,10.0,29.0
125,Austria,AUT,1896,3,8,AUT96,2.0,1.0,2.0,5.0
126,Austria,AUT,1896,3,8,AUT96,0.0,1.0,2.0,3.0
127,Austria,AUT,1900,16,26,AUT00,0.0,3.0,3.0,6.0
128,Austria,AUT,1900,16,26,AUT00,2.0,1.0,0.0,3.0
129,Austria,AUT,1904,2,7,AUT04,2.0,4.0,1.0,7.0
130,Austria,AUT,1906,31,100,AUT06,3.0,3.0,3.0,9.0
131,Austria,AUT,1906,31,100,AUT06,9.0,7.0,7.0,23.0
132,Austria,AUT,1908,7,13,AUT08,0.0,0.0,1.0,1.0
133,Austria,AUT,1908,7,13,AUT08,0.0,1.0,2.0,3.0
134,Austria,AUT,1912,85,132,AUT12,0.0,2.0,2.0,4.0
135,Austria,AUT,1924,53,60,AUT24,2.0,4.0,1.0,7.0
136,Austria,AUT,1924,53,60,AUT24,2.0,0.0,3.0,5.0
137,Austria,AUT,1928,112,162,AUT28,3.0,3.0,2.0,8.0
138,Austria,AUT,1932,26,45,AUT32,2.0,2.0,3.0,7.0
139,Austria,AUT,1936,294,435,AUT36,6.0,8.0,7.0,21.0
140,Austria,AUT,1948,202,323,AUT48,3.0,5.0,8.0,16.0
141,Austria,AUT,1952,151,312,AUT52,2.0,5.0,3.0,10.0
142,Austria,AUT,1956,94,144,AUT56,4.0,3.0,6.0,13.0
143,Austria,AUT,1960,129,240,AUT60,2.0,3.0,3.0,8.0
144,Austria,AUT,1964,139,198,AUT64,4.0,5.0,3.0,12.0
145,Austria,AUT,1968,119,171,AUT68,3.0,6.0,6.0,15.0
146,Austria,AUT,1972,151,211,AUT72,1.0,3.0,4.0,8.0
147,Austria,AUT,1976,137,189,AUT76,2.0,2.0,3.0,7.0
148,Austria,AUT,1980,126,158,AUT80,4.0,4.0,3.0,11.0
149,Austria,AUT,1984,167,235,AUT84,1.0,1.0,2.0,4.0
150,Austria,AUT,1988,154,249,AUT88,4.0,5.0,2.0,11.0
151,Austria,AUT,1992,160,248,AUT92,6.0,9.0,8.0,23.0
152,Austria,AUT,1994,80,130,AUT94,2.0,3.0,4.0,9.0
153,Austria,AUT,1996,72,92,AUT96,2.0,1.0,2.0,5.0
154,Austria,AUT,1996,72,92,AUT96,0.0,1.0,2.0,3.0
155,Austria,AUT,1998,96,154,AUT98,3.0,5.0,9.0,17.0
156,Austria,AUT,2000,92,114,AUT00,0.0,3.0,3.0,6.0
157,Austria,AUT,2000,92,114,AUT00,2.0,1.0,0.0,3.0
158,Austria,AUT,2002,90,148,AUT02,3.0,4.0,10.0,17.0
159,Austria,AUT,2004,74,92,AUT04,2.0,4.0,1.0,7.0
160,Austria,AUT,2006,73,132,AUT06,3.0,3.0,3.0,9.0
161,Austria,AUT,2006,73,132,AUT06,9.0,7.0,7.0,23.0
162,Austria,AUT,2008,70,93,AUT08,0.0,0.0,1.0,1.0
163,Austria,AUT,2008,70,93,AUT08,0.0,1.0,2.0,3.0
164,Austria,AUT,2010,75,132,AUT10,4.0,6.0,7.0,17.0
165,Austria,AUT,2012,70,90,AUT12,0.0,2.0,2.0,4.0
166,Austria,AUT,2014,126,213,AUT14,4.0,9.0,4.0,17.0
167,Austria,AUT,2016,71,85,AUT16,0.0,0.0,1.0,1.0
168,Azerbaijan,AZE,1996,23,24,AZE96,0.0,1.0,0.0,1.0
169,Azerbaijan,AZE,1998,4,4,AZE98,0.0,0.0,0.0,0.0
170,Azerbaijan,AZE,2000,31,32,AZE00,2.0,0.0,1.0,3.0
171,Azerbaijan,AZE,2002,4,4,AZE02,0.0,0.0,0.0,0.0
172,Azerbaijan,AZE,2004,36,37,AZE04,1.0,0.0,4.0,5.0
173,Azerbaijan,AZE,2006,2,2,AZE06,0.0,0.0,0.0,0.0
174,Azerbaijan,AZE,2008,44,44,AZE08,1.0,1.0,4.0,6.0
175,Azerbaijan,AZE,2010,2,4,AZE10,0.0,0.0,0.0,0.0
176,Azerbaijan,AZE,2012,52,59,AZE12,2.0,2.0,5.0,9.0
177,Azerbaijan,AZE,2014,3,4,AZE14,0.0,0.0,0.0,0.0
178,Azerbaijan,AZE,2016,56,69,AZE16,1.0,7.0,10.0,18.0
179,Bahamas,BHS,1956,4,5,BHS56,0.0,0.0,1.0,1.0
180,Bahamas,BHS,1960,13,14,BHS60,0.0,0.0,0.0,0.0
181,Bahamas,BHS,1964,11,12,BHS64,1.0,0.0,0.0,1.0
182,Bahamas,BHS,1968,16,22,BHS68,0.0,0.0,0.0,0.0
183,Bahamas,BHS,1972,20,25,BHS72,0.0,0.0,0.0,0.0
184,Bahamas,BHS,1976,11,19,BHS76,0.0,0.0,0.0,0.0
185,Bahamas,BHS,1984,22,31,BHS84,0.0,0.0,0.0,0.0
186,Bahamas,BHS,1988,16,18,BHS88,0.0,0.0,0.0,0.0
187,Bahamas,BHS,1992,14,18,BHS92,0.0,0.0,1.0,1.0
188,Bahamas,BHS,1996,26,36,BHS96,0.0,1.0,0.0,1.0
189,Bahamas,BHS,2000,25,39,BHS00,2.0,0.0,1.0,3.0
190,Bahamas,BHS,2004,22,28,BHS04,1.0,0.0,1.0,2.0
191,Bahamas,BHS,2008,25,33,BHS08,0.0,1.0,1.0,2.0
192,Bahamas,BHS,2012,21,29,BHS12,1.0,0.0,0.0,1.0
193,Bahamas,BHS,2016,29,38,BHS16,1.0,0.0,1.0,2.0
194,Bahrain,BHR,1984,10,14,BHR84,0.0,0.0,0.0,0.0
195,Bahrain,BHR,1988,7,16,BHR88,0.0,0.0,0.0,0.0
196,Bahrain,BHR,1992,10,15,BHR92,0.0,0.0,0.0,0.0
197,Bahrain,BHR,1996,5,5,BHR96,0.0,0.0,0.0,0.0
198,Bahrain,BHR,2000,4,4,BHR00,0.0,0.0,0.0,0.0
199,Bahrain,BHR,2004,10,10,BHR04,0.0,0.0,0.0,0.0
200,Bahrain,BHR,2008,14,15,BHR08,0.0,0.0,0.0,0.0
201,Bahrain,BHR,2012,12,14,BHR12,1.0,0.0,0.0,1.0
202,Bahrain,BHR,2016,33,33,BHR16,1.0,1.0,0.0,2.0
203,Barbados,BRB,1968,9,13,BRB68,0.0,0.0,0.0,0.0
204,Barbados,BRB,1972,13,20,BRB72,0.0,0.0,0.0,0.0
205,Barbados,BRB,1976,11,17,BRB76,0.0,0.0,0.0,0.0
206,Barbados,BRB,1984,16,25,BRB84,0.0,0.0,0.0,0.0
207,Barbados,BRB,1988,17,26,BRB88,0.0,0.0,0.0,0.0
208,Barbados,BRB,1992,17,22,BRB92,0.0,0.0,0.0,0.0
209,Barbados,BRB,1996,13,22,BRB96,0.0,0.0,0.0,0.0
210,Barbados,BRB,2000,18,28,BRB00,0.0,0.0,1.0,1.0
211,Barbados,BRB,2004,10,15,BRB04,0.0,0.0,0.0,0.0
212,Barbados,BRB,2008,8,10,BRB08,0.0,0.0,0.0,0.0
213,Barbados,BRB,2012,6,8,BRB12,0.0,0.0,0.0,0.0
214,Barbados,BRB,2016,11,13,BRB16,0.0,0.0,0.0,0.0
215,Belarus,BLR,1994,33,74,BLR94,0.0,2.0,0.0,2.0
216,Belarus,BLR,1996,157,259,BLR96,1.0,6.0,8.0,15.0
217,Belarus,BLR,1998,59,107,BLR98,0.0,0.0,2.0,2.0
218,Belarus,BLR,2000,139,231,BLR00,3.0,3.0,11.0,17.0
219,Belarus,BLR,2002,64,123,BLR02,0.0,0.0,1.0,1.0
220,Belarus,BLR,2004,151,192,BLR04,2.0,5.0,6.0,13.0
221,Belarus,BLR,2006,28,70,BLR06,0.0,1.0,0.0,1.0
222,Belarus,BLR,2008,177,237,BLR08,3.0,4.0,7.0,14.0
223,Belarus,BLR,2010,47,95,BLR10,1.0,1.0,1.0,3.0
224,Belarus,BLR,2012,160,185,BLR12,2.0,5.0,3.0,10.0
225,Belarus,BLR,2014,26,72,BLR14,5.0,0.0,1.0,6.0
226,Belarus,BLR,2016,120,142,BLR16,1.0,4.0,4.0,9.0
227,Belgium,BEL,1900,64,100,BEL00,6.0,6.0,6.0,18.0
228,Belgium,BEL,1900,64,100,BEL00,0.0,2.0,3.0,5.0
229,Belgium,BEL,1906,16,31,BEL06,2.0,2.0,3.0,7.0
230,Belgium,BEL,1908,70,99,BEL08,1.0,5.0,2.0,8.0
231,Belgium,BEL,1908,70,99,BEL08,2.0,0.0,0.0,2.0
232,Belgium,BEL,1912,36,72,BEL12,2.0,1.0,3.0,6.0
233,Belgium,BEL,1912,36,72,BEL12,0.0,1.0,2.0,3.0
234,Belgium,BEL,1920,336,518,BEL20,16.0,12.0,14.0,42.0
235,Belgium,BEL,1920,336,518,BEL20,3.0,1.0,3.0,7.0
236,Belgium,BEL,1924,190,266,BEL24,3.0,7.0,4.0,14.0
237,Belgium,BEL,1924,190,266,BEL24,3.0,1.0,6.0,10.0
238,Belgium,BEL,1928,212,286,BEL28,0.0,1.0,3.0,4.0
239,Belgium,BEL,1932,36,69,BEL32,0.0,0.0,1.0,1.0
240,Belgium,BEL,1936,177,242,BEL36,0.0,0.0,3.0,3.0
241,Belgium,BEL,1948,163,201,BEL48,3.0,3.0,3.0,9.0
242,Belgium,BEL,1952,144,199,BEL52,2.0,2.0,0.0,4.0
243,Belgium,BEL,1956,61,88,BEL56,0.0,2.0,0.0,2.0
244,Belgium,BEL,1960,101,150,BEL60,0.0,2.0,2.0,4.0
245,Belgium,BEL,1964,69,85,BEL64,2.0,0.0,1.0,3.0
246,Belgium,BEL,1968,82,106,BEL68,0.0,1.0,1.0,2.0
247,Belgium,BEL,1972,89,109,BEL72,0.0,2.0,0.0,2.0
248,Belgium,BEL,1976,105,160,BEL76,0.0,3.0,3.0,6.0
249,Belgium,BEL,1980,61,90,BEL80,1.0,0.0,0.0,1.0
250,Belgium,BEL,1984,67,95,BEL84,1.0,1.0,2.0,4.0
251,Belgium,BEL,1988,60,86,BEL88,0.0,0.0,2.0,2.0
252,Belgium,BEL,1992,73,110,BEL92,0.0,1.0,2.0,3.0
253,Belgium,BEL,1994,5,8,BEL94,0.0,0.0,0.0,0.0
254,Belgium,BEL,1996,61,81,BEL96,2.0,2.0,2.0,6.0
255,Belgium,BEL,1998,1,3,BEL98,0.0,0.0,1.0,1.0
256,Belgium,BEL,2000,68,94,BEL00,6.0,6.0,6.0,18.0
257,Belgium,BEL,2000,68,94,BEL00,0.0,2.0,3.0,5.0
258,Belgium,BEL,2002,6,13,BEL02,0.0,0.0,0.0,0.0
259,Belgium,BEL,2004,50,70,BEL04,1.0,0.0,2.0,3.0
260,Belgium,BEL,2006,4,8,BEL06,2.0,2.0,3.0,7.0
261,Belgium,BEL,2008,94,112,BEL08,1.0,5.0,2.0,8.0
262,Belgium,BEL,2008,94,112,BEL08,2.0,0.0,0.0,2.0
263,Belgium,BEL,2010,8,10,BEL10,0.0,0.0,0.0,0.0
264,Belgium,BEL,2012,111,142,BEL12,2.0,1.0,3.0,6.0
265,Belgium,BEL,2012,111,142,BEL12,0.0,1.0,2.0,3.0
266,Belgium,BEL,2014,7,11,BEL14,0.0,0.0,0.0,0.0
267,Belgium,BEL,2016,104,138,BEL16,2.0,2.0,2.0,6.0
268,Bermuda,BMU,1936,5,9,BMU36,0.0,0.0,0.0,0.0
269,Bermuda,BMU,1948,12,28,BMU48,0.0,0.0,0.0,0.0
270,Bermuda,BMU,1952,6,12,BMU52,0.0,0.0,0.0,0.0
271,Bermuda,BMU,1968,6,6,BMU68,0.0,0.0,0.0,0.0
272,Bermuda,BMU,1972,9,9,BMU72,0.0,0.0,0.0,0.0
273,Bermuda,BMU,1976,16,20,BMU76,0.0,0.0,1.0,1.0
274,Bermuda,BMU,1984,12,13,BMU84,0.0,0.0,0.0,0.0
275,Bermuda,BMU,1988,12,14,BMU88,0.0,0.0,0.0,0.0
276,Bermuda,BMU,1992,21,30,BMU92,0.0,0.0,0.0,0.0
277,Bermuda,BMU,1994,1,1,BMU94,0.0,0.0,0.0,0.0
278,Bermuda,BMU,1996,9,10,BMU96,0.0,0.0,0.0,0.0
279,Bermuda,BMU,1998,1,1,BMU98,0.0,0.0,0.0,0.0
280,Bermuda,BMU,2000,6,7,BMU00,0.0,0.0,0.0,0.0
281,Bermuda,BMU,2002,1,1,BMU02,0.0,0.0,0.0,0.0
282,Bermuda,BMU,2004,10,10,BMU04,0.0,0.0,0.0,0.0
283,Bermuda,BMU,2006,1,1,BMU06,0.0,0.0,0.0,0.0
284,Bermuda,BMU,2008,6,6,BMU08,0.0,0.0,0.0,0.0
285,Bermuda,BMU,2010,1,1,BMU10,0.0,0.0,0.0,0.0
286,Bermuda,BMU,2012,8,8,BMU12,0.0,0.0,0.0,0.0
287,Bermuda,BMU,2014,1,1,BMU14,0.0,0.0,0.0,0.0
288,Bermuda,BMU,2016,8,8,BMU16,0.0,0.0,0.0,0.0
289,Botswana,BWA,1980,7,8,BWA80,0.0,0.0,0.0,0.0
290,Botswana,BWA,1984,7,8,BWA84,0.0,0.0,0.0,0.0
291,Botswana,BWA,1988,8,11,BWA88,0.0,0.0,0.0,0.0
292,Botswana,BWA,1992,6,6,BWA92,0.0,0.0,0.0,0.0
293,Botswana,BWA,1996,7,7,BWA96,0.0,0.0,0.0,0.0
294,Botswana,BWA,2000,7,9,BWA00,0.0,0.0,0.0,0.0
295,Botswana,BWA,2004,11,12,BWA04,0.0,0.0,0.0,0.0
296,Botswana,BWA,2008,11,11,BWA08,0.0,0.0,0.0,0.0
297,Botswana,BWA,2012,4,4,BWA12,0.0,1.0,0.0,1.0
298,Botswana,BWA,2016,12,14,BWA16,0.0,0.0,0.0,0.0
299,Brazil,BRA,1900,1,3,BRA00,0.0,6.0,6.0,12.0
300,Brazil,BRA,1920,19,38,BRA20,1.0,1.0,1.0,3.0
301,Brazil,BRA,1920,19,38,BRA20,7.0,6.0,8.0,21.0
302,Brazil,BRA,1924,12,18,BRA24,3.0,7.0,10.0,20.0
303,Brazil,BRA,1932,59,67,BRA32,0.0,0.0,0.0,0.0
304,Brazil,BRA,1936,73,94,BRA36,0.0,0.0,0.0,0.0
305,Brazil,BRA,1948,70,105,BRA48,0.0,0.0,1.0,1.0
306,Brazil,BRA,1952,97,119,BRA52,1.0,0.0,2.0,3.0
307,Brazil,BRA,1956,47,63,BRA56,1.0,0.0,0.0,1.0
308,Brazil,BRA,1960,72,86,BRA60,0.0,0.0,2.0,2.0
309,Brazil,BRA,1964,61,65,BRA64,0.0,0.0,1.0,1.0
310,Brazil,BRA,1968,76,89,BRA68,0.0,1.0,2.0,3.0
311,Brazil,BRA,1972,81,104,BRA72,0.0,0.0,2.0,2.0
312,Brazil,BRA,1976,79,89,BRA76,0.0,0.0,2.0,2.0
313,Brazil,BRA,1980,106,149,BRA80,2.0,0.0,2.0,4.0
314,Brazil,BRA,1984,147,197,BRA84,1.0,5.0,2.0,8.0
315,Brazil,BRA,1988,160,233,BRA88,1.0,2.0,3.0,6.0
316,Brazil,BRA,1992,189,249,BRA92,2.0,1.0,0.0,3.0
317,Brazil,BRA,1994,1,1,BRA94,0.0,0.0,0.0,0.0
318,Brazil,BRA,1996,221,251,BRA96,3.0,3.0,9.0,15.0
319,Brazil,BRA,1998,1,1,BRA98,0.0,0.0,0.0,0.0
320,Brazil,BRA,2000,198,236,BRA00,0.0,6.0,6.0,12.0
321,Brazil,BRA,2002,10,10,BRA02,0.0,0.0,0.0,0.0
322,Brazil,BRA,2004,243,318,BRA04,5.0,2.0,3.0,10.0
323,Brazil,BRA,2006,9,12,BRA06,0.0,0.0,0.0,0.0
324,Brazil,BRA,2008,268,338,BRA08,3.0,4.0,10.0,17.0
325,Brazil,BRA,2010,5,7,BRA10,0.0,0.0,0.0,0.0
326,Brazil,BRA,2012,248,306,BRA12,3.0,5.0,9.0,17.0
327,Brazil,BRA,2014,13,17,BRA14,0.0,0.0,0.0,0.0
328,Brazil,BRA,2016,462,583,BRA16,7.0,6.0,6.0,19.0
329,Bulgaria,BGR,1924,24,31,BGR24,3.0,1.0,3.0,7.0
330,Bulgaria,BGR,1928,5,10,BGR28,0.0,0.0,0.0,0.0
331,Bulgaria,BGR,1932,2,2,BGR32,0.0,0.0,0.0,0.0
332,Bulgaria,BGR,1936,33,96,BGR36,0.0,0.0,0.0,0.0
333,Bulgaria,BGR,1948,4,9,BGR48,0.0,0.0,0.0,0.0
334,Bulgaria,BGR,1952,73,198,BGR52,0.0,0.0,1.0,1.0
335,Bulgaria,BGR,1956,54,97,BGR56,1.0,3.0,1.0,5.0
336,Bulgaria,BGR,1960,105,198,BGR60,1.0,3.0,3.0,7.0
337,Bulgaria,BGR,1964,70,135,BGR64,3.0,5.0,2.0,10.0
338,Bulgaria,BGR,1968,118,205,BGR68,2.0,4.0,3.0,9.0
339,Bulgaria,BGR,1972,134,238,BGR72,6.0,10.0,5.0,21.0
340,Bulgaria,BGR,1976,187,296,BGR76,6.0,9.0,7.0,22.0
341,Bulgaria,BGR,1980,279,413,BGR80,8.0,16.0,18.0,42.0
342,Bulgaria,BGR,1984,16,33,BGR84,0.0,0.0,0.0,0.0
343,Bulgaria,BGR,1988,199,333,BGR88,10.0,12.0,13.0,35.0
344,Bulgaria,BGR,1992,168,308,BGR92,3.0,7.0,6.0,16.0
345,Bulgaria,BGR,1994,17,38,BGR94,0.0,0.0,0.0,0.0
346,Bulgaria,BGR,1996,110,181,BGR96,3.0,7.0,5.0,15.0
347,Bulgaria,BGR,1998,19,34,BGR98,1.0,0.0,0.0,1.0
348,Bulgaria,BGR,2000,91,150,BGR00,5.0,6.0,2.0,13.0
349,Bulgaria,BGR,2002,23,54,BGR02,0.0,1.0,2.0,3.0
350,Bulgaria,BGR,2004,95,119,BGR04,2.0,1.0,9.0,12.0
351,Bulgaria,BGR,2006,21,44,BGR06,0.0,1.0,0.0,1.0
352,Bulgaria,BGR,2008,70,87,BGR08,1.0,1.0,3.0,5.0
353,Bulgaria,BGR,2010,19,41,BGR10,0.0,0.0,0.0,0.0
354,Bulgaria,BGR,2012,63,75,BGR12,0.0,2.0,1.0,3.0
355,Bulgaria,BGR,2014,18,47,BGR14,0.0,0.0,0.0,0.0
356,Bulgaria,BGR,2016,51,58,BGR16,0.0,1.0,2.0,3.0
357,Burkina Faso,BFA,1972,1,1,BFA72,0.0,0.0,0.0,0.0
358,Burkina Faso,BFA,1988,6,9,BFA88,0.0,0.0,0.0,0.0
359,Burkina Faso,BFA,1992,4,4,BFA92,0.0,0.0,0.0,0.0
360,Burkina Faso,BFA,1996,5,5,BFA96,0.0,0.0,0.0,0.0
361,Burkina Faso,BFA,2000,4,4,BFA00,0.0,0.0,0.0,0.0
362,Burkina Faso,BFA,2004,5,5,BFA04,0.0,0.0,0.0,0.0
363,Burkina Faso,BFA,2008,6,6,BFA08,0.0,0.0,0.0,0.0
364,Burkina Faso,BFA,2012,5,5,BFA12,0.0,0.0,0.0,0.0
365,Burkina Faso,BFA,2016,5,5,BFA16,0.0,0.0,0.0,0.0
366,Burundi,BDI,1996,7,7,BDI96,1.0,0.0,0.0,1.0
367,Burundi,BDI,2000,6,6,BDI00,0.0,0.0,0.0,0.0
368,Burundi,BDI,2004,7,7,BDI04,0.0,0.0,0.0,0.0
369,Burundi,BDI,2008,3,3,BDI08,0.0,0.0,0.0,0.0
370,Burundi,BDI,2012,6,6,BDI12,0.0,0.0,0.0,0.0
371,Burundi,BDI,2016,9,10,BDI16,0.0,1.0,0.0,1.0
372,Cameroon,CMR,1964,1,2,CMR64,0.0,0.0,0.0,0.0
373,Cameroon,CMR,1968,5,5,CMR68,0.0,1.0,0.0,1.0
374,Cameroon,CMR,1972,11,18,CMR72,0.0,0.0,0.0,0.0
375,Cameroon,CMR,1976,4,4,CMR76,0.0,0.0,0.0,0.0
376,Cameroon,CMR,1980,25,29,CMR80,0.0,0.0,0.0,0.0
377,Cameroon,CMR,1984,46,56,CMR84,0.0,0.0,1.0,1.0
378,Cameroon,CMR,1988,15,21,CMR88,0.0,0.0,0.0,0.0
379,Cameroon,CMR,1992,8,12,CMR92,0.0,0.0,0.0,0.0
380,Cameroon,CMR,1996,15,19,CMR96,0.0,0.0,0.0,0.0
381,Cameroon,CMR,2000,34,39,CMR00,1.0,0.0,0.0,1.0
382,Cameroon,CMR,2002,1,2,CMR02,0.0,0.0,0.0,0.0
383,Cameroon,CMR,2004,17,19,CMR04,1.0,0.0,0.0,1.0
384,Cameroon,CMR,2008,32,32,CMR08,1.0,0.0,0.0,1.0
385,Cameroon,CMR,2012,32,32,CMR12,0.0,0.0,1.0,1.0
386,Cameroon,CMR,2016,22,22,CMR16,0.0,0.0,0.0,0.0
387,Canada,CAN,1900,4,7,CAN00,3.0,3.0,8.0,14.0
388,Canada,CAN,1904,56,61,CAN04,4.0,1.0,1.0,6.0
389,Canada,CAN,1904,56,61,CAN04,3.0,6.0,3.0,12.0
390,Canada,CAN,1906,3,4,CAN06,1.0,1.0,0.0,2.0
391,Canada,CAN,1906,3,4,CAN06,7.0,10.0,7.0,24.0
392,Canada,CAN,1908,87,148,CAN08,3.0,3.0,10.0,16.0
393,Canada,CAN,1908,87,148,CAN08,3.0,9.0,8.0,20.0
394,Canada,CAN,1912,37,60,CAN12,3.0,2.0,3.0,8.0
395,Canada,CAN,1912,37,60,CAN12,2.0,6.0,10.0,18.0
396,Canada,CAN,1920,52,85,CAN20,3.0,3.0,3.0,9.0
397,Canada,CAN,1920,52,85,CAN20,7.0,7.0,10.0,24.0
398,Canada,CAN,1924,77,100,CAN24,1.0,3.0,1.0,5.0
399,Canada,CAN,1924,77,100,CAN24,9.0,7.0,11.0,27.0
400,Canada,CAN,1928,92,144,CAN28,5.0,4.0,7.0,16.0
401,Canada,CAN,1932,144,244,CAN32,3.0,6.0,14.0,23.0
402,Canada,CAN,1936,126,208,CAN36,1.0,4.0,5.0,10.0
403,Canada,CAN,1948,155,235,CAN48,2.0,2.0,3.0,7.0
404,Canada,CAN,1952,146,214,CAN52,2.0,2.0,1.0,5.0
405,Canada,CAN,1956,131,202,CAN56,2.0,2.0,5.0,9.0
406,Canada,CAN,1960,129,215,CAN60,2.0,2.0,1.0,5.0
407,Canada,CAN,1964,170,289,CAN64,2.0,3.0,2.0,7.0
408,Canada,CAN,1968,209,402,CAN68,2.0,4.0,2.0,8.0
409,Canada,CAN,1972,255,429,CAN72,0.0,3.0,3.0,6.0
410,Canada,CAN,1976,444,640,CAN76,1.0,6.0,7.0,14.0
411,Canada,CAN,1980,59,86,CAN80,0.0,1.0,1.0,2.0
412,Canada,CAN,1984,475,663,CAN84,12.0,19.0,17.0,48.0
413,Canada,CAN,1988,440,693,CAN88,3.0,4.0,8.0,15.0
414,Canada,CAN,1992,403,631,CAN92,9.0,7.0,9.0,25.0
415,Canada,CAN,1994,95,149,CAN94,3.0,6.0,4.0,13.0
416,Canada,CAN,1996,303,408,CAN96,3.0,11.0,8.0,22.0
417,Canada,CAN,1998,144,208,CAN98,6.0,5.0,4.0,15.0
418,Canada,CAN,2000,294,422,CAN00,3.0,3.0,8.0,14.0
419,Canada,CAN,2002,150,215,CAN02,7.0,3.0,7.0,17.0
420,Canada,CAN,2004,262,391,CAN04,4.0,1.0,1.0,6.0
421,Canada,CAN,2004,262,391,CAN04,3.0,6.0,3.0,12.0
422,Canada,CAN,2006,191,305,CAN06,1.0,1.0,0.0,2.0
423,Canada,CAN,2006,191,305,CAN06,7.0,10.0,7.0,24.0
424,Canada,CAN,2008,332,449,CAN08,3.0,3.0,10.0,16.0
425,Canada,CAN,2008,332,449,CAN08,3.0,9.0,8.0,20.0
426,Canada,CAN,2010,201,308,CAN10,14.0,7.0,5.0,26.0
427,Canada,CAN,2012,273,354,CAN12,3.0,2.0,3.0,8.0
428,Canada,CAN,2012,273,354,CAN12,2.0,6.0,10.0,18.0
429,Canada,CAN,2014,217,359,CAN14,10.0,10.0,5.0,25.0
430,Canada,CAN,2016,310,405,CAN16,4.0,3.0,15.0,22.0
431,Cape Verde,CPV,1996,3,3,CPV96,0.0,0.0,0.0,0.0
432,Cape Verde,CPV,2000,2,2,CPV00,0.0,0.0,0.0,0.0
433,Cape Verde,CPV,2004,3,3,CPV04,0.0,0.0,0.0,0.0
434,Cape Verde,CPV,2008,2,2,CPV08,0.0,0.0,0.0,0.0
435,Cape Verde,CPV,2012,3,3,CPV12,0.0,0.0,0.0,0.0
436,Cape Verde,CPV,2016,5,5,CPV16,0.0,0.0,0.0,0.0
437,Chile,CHL,1912,14,28,CHL12,0.0,0.0,0.0,0.0
438,Chile,CHL,1920,2,2,CHL20,0.0,0.0,0.0,0.0
439,Chile,CHL,1924,13,18,CHL24,1.0,1.0,0.0,2.0
440,Chile,CHL,1928,38,46,CHL28,0.0,1.0,0.0,1.0
441,Chile,CHL,1936,40,56,CHL36,0.0,0.0,0.0,0.0
442,Chile,CHL,1948,58,83,CHL48,0.0,0.0,0.0,0.0
443,Chile,CHL,1952,62,89,CHL52,0.0,2.0,0.0,2.0
444,Chile,CHL,1956,36,50,CHL56,0.0,2.0,2.0,4.0
445,Chile,CHL,1960,14,21,CHL60,0.0,0.0,0.0,0.0
446,Chile,CHL,1964,19,27,CHL64,0.0,0.0,0.0,0.0
447,Chile,CHL,1968,25,36,CHL68,0.0,0.0,0.0,0.0
448,Chile,CHL,1972,11,13,CHL72,0.0,0.0,0.0,0.0
449,Chile,CHL,1976,12,20,CHL76,0.0,0.0,0.0,0.0
450,Chile,CHL,1984,56,76,CHL84,0.0,0.0,0.0,0.0
451,Chile,CHL,1988,22,39,CHL88,0.0,1.0,0.0,1.0
452,Chile,CHL,1992,17,27,CHL92,0.0,0.0,0.0,0.0
453,Chile,CHL,1994,3,7,CHL94,0.0,0.0,0.0,0.0
454,Chile,CHL,1996,21,24,CHL96,0.0,0.0,0.0,0.0
455,Chile,CHL,1998,3,6,CHL98,0.0,0.0,0.0,0.0
456,Chile,CHL,2000,50,58,CHL00,0.0,0.0,1.0,1.0
457,Chile,CHL,2002,6,11,CHL02,0.0,0.0,0.0,0.0
458,Chile,CHL,2004,22,29,CHL04,2.0,0.0,1.0,3.0
459,Chile,CHL,2006,9,15,CHL06,0.0,0.0,0.0,0.0
460,Chile,CHL,2008,26,29,CHL08,0.0,1.0,0.0,1.0
461,Chile,CHL,2010,3,10,CHL10,0.0,0.0,0.0,0.0
462,Chile,CHL,2012,35,44,CHL12,0.0,0.0,0.0,0.0
463,Chile,CHL,2014,6,14,CHL14,0.0,0.0,0.0,0.0
464,Chile,CHL,2016,42,47,CHL16,0.0,0.0,0.0,0.0
465,China,CHN,1932,1,2,CHN32,0.0,0.0,0.0,0.0
466,China,CHN,1936,54,65,CHN36,0.0,0.0,0.0,0.0
467,China,CHN,1948,31,33,CHN48,0.0,0.0,0.0,0.0
468,China,CHN,1952,1,1,CHN52,0.0,0.0,0.0,0.0
469,China,CHN,1980,24,38,CHN80,0.0,0.0,0.0,0.0
470,China,CHN,1984,252,393,CHN84,15.0,8.0,9.0,32.0
471,China,CHN,1988,286,442,CHN88,5.0,11.0,12.0,28.0
472,China,CHN,1992,276,468,CHN92,16.0,25.0,16.0,57.0
473,China,CHN,1994,24,43,CHN94,0.0,1.0,2.0,3.0
474,China,CHN,1996,294,438,CHN96,16.0,22.0,12.0,50.0
475,China,CHN,1998,57,88,CHN98,0.0,6.0,2.0,8.0
476,China,CHN,2000,271,414,CHN00,28.0,16.0,14.0,58.0
477,China,CHN,2002,66,108,CHN02,2.0,2.0,4.0,8.0
478,China,CHN,2004,383,518,CHN04,32.0,17.0,14.0,63.0
479,China,CHN,2006,73,146,CHN06,2.0,4.0,5.0,11.0
480,China,CHN,2008,599,730,CHN08,48.0,22.0,30.0,100.0
481,China,CHN,2010,86,127,CHN10,5.0,2.0,4.0,11.0
482,China,CHN,2012,375,479,CHN12,39.0,31.0,22.0,92.0
483,China,CHN,2014,62,109,CHN14,3.0,4.0,2.0,9.0
484,China,CHN,2016,392,499,CHN16,26.0,18.0,26.0,70.0
485,Colombia,COL,1932,2,2,COL32,0.0,0.0,0.0,0.0
486,Colombia,COL,1936,5,6,COL36,0.0,0.0,0.0,0.0
487,Colombia,COL,1948,6,11,COL48,0.0,0.0,0.0,0.0
488,Colombia,COL,1956,26,47,COL56,0.0,0.0,0.0,0.0
489,Colombia,COL,1960,16,23,COL60,0.0,0.0,0.0,0.0
490,Colombia,COL,1964,20,40,COL64,0.0,0.0,0.0,0.0
491,Colombia,COL,1968,43,70,COL68,0.0,0.0,0.0,0.0
492,Colombia,COL,1972,59,75,COL72,0.0,1.0,2.0,3.0
493,Colombia,COL,1976,35,44,COL76,0.0,0.0,0.0,0.0
494,Colombia,COL,1980,23,28,COL80,0.0,0.0,0.0,0.0
495,Colombia,COL,1984,39,48,COL84,0.0,1.0,0.0,1.0
496,Colombia,COL,1988,40,57,COL88,0.0,0.0,1.0,1.0
497,Colombia,COL,1992,49,61,COL92,0.0,0.0,1.0,1.0
498,Colombia,COL,1996,48,62,COL96,0.0,0.0,0.0,0.0
499,Colombia,COL,2000,44,54,COL00,1.0,0.0,0.0,1.0
500,Colombia,COL,2004,53,71,COL04,0.0,0.0,2.0,2.0
501,Colombia,COL,2008,67,90,COL08,0.0,2.0,1.0,3.0
502,Colombia,COL,2010,1,2,COL10,0.0,0.0,0.0,0.0
503,Colombia,COL,2012,101,120,COL12,1.0,3.0,5.0,9.0
504,Colombia,COL,2016,143,157,COL16,3.0,2.0,3.0,8.0
505,Costa Rica,CRI,1936,1,1,CRI36,0.0,0.0,0.0,0.0
506,Costa Rica,CRI,1964,2,2,CRI64,0.0,0.0,0.0,0.0
507,Costa Rica,CRI,1968,18,27,CRI68,0.0,0.0,0.0,0.0
508,Costa Rica,CRI,1972,3,4,CRI72,0.0,0.0,0.0,0.0
509,Costa Rica,CRI,1976,5,10,CRI76,0.0,0.0,0.0,0.0
510,Costa Rica,CRI,1980,30,40,CRI80,0.0,0.0,0.0,0.0
511,Costa Rica,CRI,1984,31,39,CRI84,0.0,0.0,0.0,0.0
512,Costa Rica,CRI,1988,18,38,CRI88,0.0,1.0,0.0,1.0
513,Costa Rica,CRI,1992,20,26,CRI92,0.0,0.0,0.0,0.0
514,Costa Rica,CRI,1996,11,13,CRI96,1.0,0.0,0.0,1.0
515,Costa Rica,CRI,2000,7,9,CRI00,0.0,0.0,2.0,2.0
516,Costa Rica,CRI,2002,1,2,CRI02,0.0,0.0,0.0,0.0
517,Costa Rica,CRI,2004,20,21,CRI04,0.0,0.0,0.0,0.0
518,Costa Rica,CRI,2006,1,1,CRI06,0.0,0.0,0.0,0.0
519,Costa Rica,CRI,2008,8,8,CRI08,0.0,0.0,0.0,0.0
520,Costa Rica,CRI,2012,11,11,CRI12,0.0,0.0,0.0,0.0
521,Costa Rica,CRI,2016,11,12,CRI16,0.0,0.0,0.0,0.0
522,Cote d'Ivoire,CIV,1964,9,10,CIV64,0.0,0.0,0.0,0.0
523,Cote d'Ivoire,CIV,1968,10,11,CIV68,0.0,0.0,0.0,0.0
524,Cote d'Ivoire,CIV,1972,11,13,CIV72,0.0,0.0,0.0,0.0
525,Cote d'Ivoire,CIV,1976,8,11,CIV76,0.0,0.0,0.0,0.0
526,Cote d'Ivoire,CIV,1984,15,18,CIV84,0.0,1.0,0.0,1.0
527,Cote d'Ivoire,CIV,1988,28,29,CIV88,0.0,0.0,0.0,0.0
528,Cote d'Ivoire,CIV,1992,13,18,CIV92,0.0,0.0,0.0,0.0
529,Cote d'Ivoire,CIV,1996,11,13,CIV96,0.0,0.0,0.0,0.0
530,Cote d'Ivoire,CIV,2000,14,18,CIV00,0.0,0.0,0.0,0.0
531,Cote d'Ivoire,CIV,2004,5,5,CIV04,0.0,0.0,0.0,0.0
532,Cote d'Ivoire,CIV,2008,21,22,CIV08,0.0,0.0,0.0,0.0
533,Cote d'Ivoire,CIV,2012,9,10,CIV12,0.0,0.0,0.0,0.0
534,Cote d'Ivoire,CIV,2016,12,15,CIV16,1.0,0.0,1.0,2.0
535,Croatia,HRV,1992,43,54,HRV92,0.0,1.0,2.0,3.0
536,Croatia,HRV,1994,3,11,HRV94,0.0,0.0,0.0,0.0
537,Croatia,HRV,1996,84,117,HRV96,1.0,1.0,0.0,2.0
538,Croatia,HRV,1998,6,13,HRV98,0.0,0.0,0.0,0.0
539,Croatia,HRV,2000,88,108,HRV00,1.0,0.0,1.0,2.0
540,Croatia,HRV,2002,13,29,HRV02,3.0,1.0,0.0,4.0
541,Croatia,HRV,2004,81,100,HRV04,1.0,2.0,2.0,5.0
542,Croatia,HRV,2006,23,46,HRV06,1.0,2.0,0.0,3.0
543,Croatia,HRV,2008,99,125,HRV08,0.0,2.0,3.0,5.0
544,Croatia,HRV,2010,19,37,HRV10,0.0,2.0,1.0,3.0
545,Croatia,HRV,2012,107,118,HRV12,3.0,1.0,2.0,6.0
546,Croatia,HRV,2014,11,25,HRV14,0.0,1.0,0.0,1.0
547,Croatia,HRV,2016,85,93,HRV16,5.0,3.0,2.0,10.0
548,Cuba,CUB,1900,1,2,CUB00,1.0,1.0,0.0,2.0
549,Cuba,CUB,1900,1,2,CUB00,11.0,11.0,7.0,29.0
550,Cuba,CUB,1904,3,6,CUB04,3.0,0.0,0.0,3.0
551,Cuba,CUB,1904,3,6,CUB04,9.0,7.0,11.0,27.0
552,Cuba,CUB,1924,9,13,CUB24,2.0,1.0,6.0,9.0
553,Cuba,CUB,1928,1,1,CUB28,0.0,0.0,0.0,0.0
554,Cuba,CUB,1932,3,3,CUB32,0.0,0.0,0.0,0.0
555,Cuba,CUB,1948,53,112,CUB48,0.0,1.0,0.0,1.0
556,Cuba,CUB,1952,29,57,CUB52,0.0,0.0,0.0,0.0
557,Cuba,CUB,1956,16,24,CUB56,0.0,0.0,0.0,0.0
558,Cuba,CUB,1960,12,21,CUB60,0.0,0.0,0.0,0.0
559,Cuba,CUB,1964,27,76,CUB64,0.0,1.0,0.0,1.0
560,Cuba,CUB,1968,115,227,CUB68,0.0,4.0,0.0,4.0
561,Cuba,CUB,1972,137,201,CUB72,3.0,1.0,4.0,8.0
562,Cuba,CUB,1976,156,194,CUB76,6.0,4.0,3.0,13.0
563,Cuba,CUB,1980,208,288,CUB80,8.0,7.0,5.0,20.0
564,Cuba,CUB,1992,176,196,CUB92,14.0,6.0,11.0,31.0
565,Cuba,CUB,1996,164,178,CUB96,9.0,8.0,8.0,25.0
566,Cuba,CUB,2000,229,271,CUB00,1.0,1.0,0.0,2.0
567,Cuba,CUB,2000,229,271,CUB00,11.0,11.0,7.0,29.0
568,Cuba,CUB,2004,151,177,CUB04,3.0,0.0,0.0,3.0
569,Cuba,CUB,2004,151,177,CUB04,9.0,7.0,11.0,27.0
570,Cuba,CUB,2008,158,171,CUB08,3.0,10.0,17.0,30.0
571,Cuba,CUB,2012,109,118,CUB12,5.0,3.0,7.0,15.0
572,Cuba,CUB,2016,117,143,CUB16,5.0,2.0,4.0,11.0
573,Cyprus,CYP,1980,17,21,CYP80,0.0,0.0,0.0,0.0
574,Cyprus,CYP,1984,15,22,CYP84,0.0,0.0,0.0,0.0
575,Cyprus,CYP,1988,12,19,CYP88,0.0,0.0,0.0,0.0
576,Cyprus,CYP,1992,21,30,CYP92,0.0,0.0,0.0,0.0
577,Cyprus,CYP,1994,1,1,CYP94,0.0,0.0,0.0,0.0
578,Cyprus,CYP,1996,17,24,CYP96,0.0,0.0,0.0,0.0
579,Cyprus,CYP,1998,1,1,CYP98,0.0,0.0,0.0,0.0
580,Cyprus,CYP,2000,22,24,CYP00,0.0,0.0,0.0,0.0
581,Cyprus,CYP,2002,1,2,CYP02,0.0,0.0,0.0,0.0
582,Cyprus,CYP,2004,20,21,CYP04,0.0,0.0,0.0,0.0
583,Cyprus,CYP,2006,1,2,CYP06,0.0,0.0,0.0,0.0
584,Cyprus,CYP,2008,17,18,CYP08,0.0,0.0,0.0,0.0
585,Cyprus,CYP,2010,2,4,CYP10,0.0,0.0,0.0,0.0
586,Cyprus,CYP,2012,13,13,CYP12,0.0,1.0,0.0,1.0
587,Cyprus,CYP,2014,1,2,CYP14,0.0,0.0,0.0,0.0
588,Cyprus,CYP,2016,15,21,CYP16,0.0,0.0,0.0,0.0
589,Czech Republic,CZE,1994,63,117,CZE94,0.0,0.0,0.0,0.0
590,Czech Republic,CZE,1996,115,169,CZE96,4.0,3.0,4.0,11.0
591,Czech Republic,CZE,1998,61,119,CZE98,1.0,1.0,1.0,3.0
592,Czech Republic,CZE,2000,119,162,CZE00,2.0,3.0,3.0,8.0
593,Czech Republic,CZE,2002,76,163,CZE02,1.0,2.0,0.0,3.0
594,Czech Republic,CZE,2004,142,171,CZE04,1.0,3.0,5.0,9.0
595,Czech Republic,CZE,2006,83,170,CZE06,1.0,2.0,1.0,4.0
596,Czech Republic,CZE,2008,134,158,CZE08,3.0,3.0,1.0,7.0
597,Czech Republic,CZE,2010,90,172,CZE10,2.0,0.0,4.0,6.0
598,Czech Republic,CZE,2012,133,159,CZE12,4.0,4.0,3.0,11.0
599,Czech Republic,CZE,2014,87,179,CZE14,2.0,4.0,3.0,9.0
600,Czech Republic,CZE,2016,104,135,CZE16,1.0,2.0,7.0,10.0
601,Czechoslovakia,CZESVK,1920,119,182,CZESVK20,0.0,0.0,2.0,2.0
602,Czechoslovakia,CZESVK,1924,160,273,CZESVK24,1.0,4.0,5.0,10.0
603,Czechoslovakia,CZESVK,1928,94,175,CZESVK28,2.0,5.0,3.0,10.0
604,Czechoslovakia,CZESVK,1932,31,61,CZESVK32,1.0,3.0,2.0,6.0
605,Czechoslovakia,CZESVK,1936,234,354,CZESVK36,3.0,5.0,1.0,9.0
606,Czechoslovakia,CZESVK,1948,134,227,CZESVK48,6.0,3.0,3.0,12.0
607,Czechoslovakia,CZESVK,1952,121,245,CZESVK52,7.0,3.0,3.0,13.0
608,Czechoslovakia,CZESVK,1956,104,225,CZESVK56,1.0,4.0,1.0,6.0
609,Czechoslovakia,CZESVK,1960,137,224,CZESVK60,3.0,3.0,3.0,9.0
610,Czechoslovakia,CZESVK,1964,150,256,CZESVK64,5.0,6.0,4.0,15.0
611,Czechoslovakia,CZESVK,1968,169,274,CZESVK68,8.0,4.0,5.0,17.0
612,Czechoslovakia,CZESVK,1972,222,335,CZESVK72,3.0,4.0,4.0,11.0
613,Czechoslovakia,CZESVK,1976,221,341,CZESVK76,2.0,3.0,4.0,9.0
614,Czechoslovakia,CZESVK,1980,250,391,CZESVK80,2.0,3.0,10.0,15.0
615,Czechoslovakia,CZESVK,1984,50,79,CZESVK84,0.0,2.0,4.0,6.0
616,Czechoslovakia,CZESVK,1988,222,345,CZESVK88,3.0,4.0,4.0,11.0
617,Czechoslovakia,CZESVK,1992,282,417,CZESVK92,4.0,2.0,4.0,10.0
618,Denmark,DNK,1896,3,15,DNK96,1.0,2.0,3.0,6.0
619,Denmark,DNK,1896,3,15,DNK96,4.0,1.0,1.0,6.0
620,Denmark,DNK,1900,13,36,DNK00,1.0,3.0,2.0,6.0
621,Denmark,DNK,1900,13,36,DNK00,2.0,3.0,1.0,6.0
622,Denmark,DNK,1906,49,68,DNK06,3.0,2.0,1.0,6.0
623,Denmark,DNK,1908,78,107,DNK08,0.0,2.0,3.0,5.0
624,Denmark,DNK,1908,78,107,DNK08,2.0,2.0,3.0,7.0
625,Denmark,DNK,1912,152,233,DNK12,1.0,6.0,5.0,12.0
626,Denmark,DNK,1912,152,233,DNK12,2.0,4.0,3.0,9.0
627,Denmark,DNK,1920,154,246,DNK20,3.0,9.0,1.0,13.0
628,Denmark,DNK,1920,154,246,DNK20,3.0,4.0,4.0,11.0
629,Denmark,DNK,1924,89,158,DNK24,2.0,6.0,3.0,11.0
630,Denmark,DNK,1924,89,158,DNK24,2.0,2.0,5.0,9.0
631,Denmark,DNK,1928,91,122,DNK28,3.0,2.0,4.0,9.0
632,Denmark,DNK,1932,43,94,DNK32,0.0,5.0,3.0,8.0
633,Denmark,DNK,1936,121,173,DNK36,0.0,2.0,3.0,5.0
634,Denmark,DNK,1948,164,255,DNK48,5.0,8.0,9.0,22.0
635,Denmark,DNK,1952,130,202,DNK52,2.0,1.0,3.0,6.0
636,Denmark,DNK,1956,37,51,DNK56,1.0,2.0,1.0,4.0
637,Denmark,DNK,1960,101,112,DNK60,2.0,3.0,1.0,6.0
638,Denmark,DNK,1964,62,76,DNK64,2.0,1.0,3.0,6.0
639,Denmark,DNK,1968,67,99,DNK68,1.0,4.0,3.0,8.0
640,Denmark,DNK,1972,126,155,DNK72,1.0,0.0,0.0,1.0
641,Denmark,DNK,1976,66,81,DNK76,1.0,0.0,2.0,3.0
642,Denmark,DNK,1980,58,60,DNK80,2.0,1.0,2.0,5.0
643,Denmark,DNK,1984,60,74,DNK84,0.0,3.0,3.0,6.0
644,Denmark,DNK,1988,79,131,DNK88,2.0,1.0,1.0,4.0
645,Denmark,DNK,1992,116,157,DNK92,1.0,1.0,4.0,6.0
646,Denmark,DNK,1994,4,9,DNK94,0.0,0.0,0.0,0.0
647,Denmark,DNK,1996,119,145,DNK96,1.0,2.0,3.0,6.0
648,Denmark,DNK,1996,119,145,DNK96,4.0,1.0,1.0,6.0
649,Denmark,DNK,1998,12,19,DNK98,0.0,1.0,0.0,1.0
650,Denmark,DNK,2000,97,124,DNK00,1.0,3.0,2.0,6.0
651,Denmark,DNK,2000,97,124,DNK00,2.0,3.0,1.0,6.0
652,Denmark,DNK,2002,11,11,DNK02,0.0,0.0,0.0,0.0
653,Denmark,DNK,2004,92,115,DNK04,2.0,1.0,5.0,8.0
654,Denmark,DNK,2006,4,4,DNK06,3.0,2.0,1.0,6.0
655,Denmark,DNK,2008,84,108,DNK08,0.0,2.0,3.0,5.0
656,Denmark,DNK,2008,84,108,DNK08,2.0,2.0,3.0,7.0
657,Denmark,DNK,2010,17,23,DNK10,0.0,0.0,0.0,0.0
658,Denmark,DNK,2012,114,149,DNK12,1.0,6.0,5.0,12.0
659,Denmark,DNK,2012,114,149,DNK12,2.0,4.0,3.0,9.0
660,Denmark,DNK,2014,10,15,DNK14,0.0,0.0,0.0,0.0
661,Denmark,DNK,2016,119,143,DNK16,2.0,6.0,7.0,15.0
662,Djibouti,DJI,1984,3,3,DJI84,0.0,0.0,0.0,0.0
663,Djibouti,DJI,1988,6,6,DJI88,0.0,0.0,1.0,1.0
664,Djibouti,DJI,1992,8,8,DJI92,0.0,0.0,0.0,0.0
665,Djibouti,DJI,1996,5,5,DJI96,0.0,0.0,0.0,0.0
666,Djibouti,DJI,2000,2,2,DJI00,0.0,0.0,0.0,0.0
667,Djibouti,DJI,2008,2,2,DJI08,0.0,0.0,0.0,0.0
668,Djibouti,DJI,2012,4,4,DJI12,0.0,0.0,0.0,0.0
669,Djibouti,DJI,2016,7,8,DJI16,0.0,0.0,0.0,0.0
670,Dominica,DMA,1996,6,6,DMA96,0.0,0.0,0.0,0.0
671,Dominica,DMA,2000,4,4,DMA00,0.0,0.0,0.0,0.0
672,Dominica,DMA,2004,2,2,DMA04,0.0,0.0,0.0,0.0
673,Dominica,DMA,2008,2,2,DMA08,0.0,0.0,0.0,0.0
674,Dominica,DMA,2012,2,2,DMA12,0.0,0.0,0.0,0.0
675,Dominica,DMA,2014,1,1,DMA14,0.0,0.0,0.0,0.0
676,Dominica,DMA,2016,2,2,DMA16,0.0,0.0,0.0,0.0
677,Dominican Republic,DOM,1964,1,1,DOM64,0.0,0.0,0.0,0.0
678,Dominican Republic,DOM,1968,18,24,DOM68,0.0,0.0,0.0,0.0
679,Dominican Republic,DOM,1972,5,5,DOM72,0.0,0.0,0.0,0.0
680,Dominican Republic,DOM,1976,10,11,DOM76,0.0,0.0,0.0,0.0
681,Dominican Republic,DOM,1980,6,7,DOM80,0.0,0.0,0.0,0.0
682,Dominican Republic,DOM,1984,19,24,DOM84,0.0,0.0,1.0,1.0
683,Dominican Republic,DOM,1988,16,18,DOM88,0.0,0.0,0.0,0.0
684,Dominican Republic,DOM,1992,32,32,DOM92,0.0,0.0,0.0,0.0
685,Dominican Republic,DOM,1996,16,16,DOM96,0.0,0.0,0.0,0.0
686,Dominican Republic,DOM,2000,13,13,DOM00,0.0,0.0,0.0,0.0
687,Dominican Republic,DOM,2004,33,33,DOM04,1.0,0.0,0.0,1.0
688,Dominican Republic,DOM,2008,24,27,DOM08,1.0,1.0,0.0,2.0
689,Dominican Republic,DOM,2012,33,36,DOM12,1.0,1.0,0.0,2.0
690,Dominican Republic,DOM,2016,26,30,DOM16,0.0,0.0,1.0,1.0
691,Ecuador,ECU,1924,3,4,ECU24,1.0,2.0,2.0,5.0
692,Ecuador,ECU,1968,15,41,ECU68,0.0,0.0,0.0,0.0
693,Ecuador,ECU,1972,2,4,ECU72,0.0,0.0,0.0,0.0
694,Ecuador,ECU,1976,5,8,ECU76,0.0,0.0,0.0,0.0
695,Ecuador,ECU,1980,12,16,ECU80,0.0,0.0,0.0,0.0
696,Ecuador,ECU,1984,11,15,ECU84,0.0,0.0,0.0,0.0
697,Ecuador,ECU,1988,13,15,ECU88,0.0,0.0,0.0,0.0
698,Ecuador,ECU,1992,13,15,ECU92,0.0,0.0,0.0,0.0
699,Ecuador,ECU,1996,19,28,ECU96,1.0,0.0,0.0,1.0
700,Ecuador,ECU,2000,10,11,ECU00,0.0,0.0,0.0,0.0
701,Ecuador,ECU,2004,16,18,ECU04,0.0,0.0,0.0,0.0
702,Ecuador,ECU,2008,25,26,ECU08,0.0,1.0,0.0,1.0
703,Ecuador,ECU,2012,36,36,ECU12,0.0,0.0,0.0,0.0
704,Ecuador,ECU,2016,37,40,ECU16,0.0,0.0,0.0,0.0
705,Egypt,EGY,1906,2,5,EGY06,0.0,0.0,0.0,0.0
706,Egypt,EGY,1920,18,22,EGY20,1.0,1.0,4.0,6.0
707,Egypt,EGY,1924,24,30,EGY24,1.0,1.0,1.0,3.0
708,Egypt,EGY,1928,32,43,EGY28,2.0,1.0,1.0,4.0
709,Egypt,EGY,1936,53,66,EGY36,2.0,1.0,2.0,5.0
710,Egypt,EGY,1948,85,166,EGY48,2.0,2.0,1.0,5.0
711,Egypt,EGY,1952,106,196,EGY52,0.0,0.0,1.0,1.0
712,Egypt,EGY,1956,3,6,EGY56,0.0,0.0,0.0,0.0
713,Egypt,EGY,1964,73,83,EGY64,0.0,0.0,0.0,0.0
714,Egypt,EGY,1968,30,35,EGY68,0.0,0.0,0.0,0.0
715,Egypt,EGY,1972,23,26,EGY72,0.0,0.0,0.0,0.0
716,Egypt,EGY,1976,26,26,EGY76,0.0,0.0,0.0,0.0
717,Egypt,EGY,1984,115,151,EGY84,0.0,1.0,0.0,1.0
718,Egypt,EGY,1988,49,59,EGY88,0.0,0.0,0.0,0.0
719,Egypt,EGY,1992,75,83,EGY92,0.0,0.0,0.0,0.0
720,Egypt,EGY,1996,29,33,EGY96,0.0,0.0,0.0,0.0
721,Egypt,EGY,2000,89,103,EGY00,0.0,0.0,0.0,0.0
722,Egypt,EGY,2004,97,104,EGY04,1.0,1.0,3.0,5.0
723,Egypt,EGY,2008,100,116,EGY08,0.0,0.0,2.0,2.0
724,Egypt,EGY,2012,109,132,EGY12,0.0,3.0,1.0,4.0
725,Egypt,EGY,2016,121,137,EGY16,0.0,0.0,3.0,3.0
726,Eritrea,ERI,2000,3,3,ERI00,0.0,0.0,0.0,0.0
727,Eritrea,ERI,2004,4,5,ERI04,0.0,0.0,1.0,1.0
728,Eritrea,ERI,2008,10,11,ERI08,0.0,0.0,0.0,0.0
729,Eritrea,ERI,2012,12,12,ERI12,0.0,0.0,0.0,0.0
730,Eritrea,ERI,2016,12,12,ERI16,0.0,0.0,0.0,0.0
731,Estonia,EST,1920,14,20,EST20,1.0,2.0,0.0,3.0
732,Estonia,EST,1920,14,20,EST20,1.0,0.0,1.0,2.0
733,Estonia,EST,1924,37,47,EST24,1.0,1.0,4.0,6.0
734,Estonia,EST,1928,22,29,EST28,2.0,1.0,2.0,5.0
735,Estonia,EST,1932,2,3,EST32,0.0,0.0,0.0,0.0
736,Estonia,EST,1936,38,45,EST36,2.0,2.0,3.0,7.0
737,Estonia,EST,1992,56,97,EST92,1.0,0.0,1.0,2.0
738,Estonia,EST,1994,26,67,EST94,0.0,0.0,0.0,0.0
739,Estonia,EST,1996,43,52,EST96,0.0,0.0,0.0,0.0
740,Estonia,EST,1998,20,48,EST98,0.0,0.0,0.0,0.0
741,Estonia,EST,2000,33,41,EST00,1.0,0.0,2.0,3.0
742,Estonia,EST,2002,17,51,EST02,1.0,1.0,1.0,3.0
743,Estonia,EST,2004,42,45,EST04,0.0,1.0,2.0,3.0
744,Estonia,EST,2006,26,63,EST06,3.0,0.0,0.0,3.0
745,Estonia,EST,2008,47,53,EST08,1.0,1.0,0.0,2.0
746,Estonia,EST,2010,30,64,EST10,0.0,1.0,0.0,1.0
747,Estonia,EST,2012,32,36,EST12,0.0,1.0,1.0,2.0
748,Estonia,EST,2014,25,66,EST14,0.0,0.0,0.0,0.0
749,Estonia,EST,2016,46,49,EST16,0.0,0.0,1.0,1.0
750,Ethiopia,ETH,1956,12,30,ETH56,0.0,0.0,0.0,0.0
751,Ethiopia,ETH,1960,10,15,ETH60,1.0,0.0,0.0,1.0
752,Ethiopia,ETH,1964,12,19,ETH64,1.0,0.0,0.0,1.0
753,Ethiopia,ETH,1968,18,26,ETH68,1.0,1.0,0.0,2.0
754,Ethiopia,ETH,1972,31,40,ETH72,0.0,0.0,2.0,2.0
755,Ethiopia,ETH,1980,41,48,ETH80,2.0,0.0,2.0,4.0
756,Ethiopia,ETH,1992,20,24,ETH92,1.0,0.0,2.0,3.0
757,Ethiopia,ETH,1996,18,19,ETH96,2.0,0.0,1.0,3.0
758,Ethiopia,ETH,2000,26,27,ETH00,4.0,1.0,3.0,8.0
759,Ethiopia,ETH,2004,26,27,ETH04,2.0,3.0,2.0,7.0
760,Ethiopia,ETH,2006,1,1,ETH06,0.0,0.0,0.0,0.0
761,Ethiopia,ETH,2008,27,29,ETH08,4.0,2.0,1.0,7.0
762,Ethiopia,ETH,2010,1,1,ETH10,0.0,0.0,0.0,0.0
763,Ethiopia,ETH,2012,33,34,ETH12,3.0,3.0,2.0,8.0
764,Ethiopia,ETH,2016,37,38,ETH16,1.0,2.0,5.0,8.0
765,Fiji,FJI,1956,5,5,FJI56,0.0,0.0,0.0,0.0
766,Fiji,FJI,1960,2,3,FJI60,0.0,0.0,0.0,0.0
767,Fiji,FJI,1968,1,1,FJI68,0.0,0.0,0.0,0.0
768,Fiji,FJI,1972,2,4,FJI72,0.0,0.0,0.0,0.0
769,Fiji,FJI,1976,2,5,FJI76,0.0,0.0,0.0,0.0
770,Fiji,FJI,1984,14,26,FJI84,0.0,0.0,0.0,0.0
771,Fiji,FJI,1988,24,42,FJI88,0.0,0.0,0.0,0.0
772,Fiji,FJI,1992,18,36,FJI92,0.0,0.0,0.0,0.0
773,Fiji,FJI,1994,1,1,FJI94,0.0,0.0,0.0,0.0
774,Fiji,FJI,1996,17,21,FJI96,0.0,0.0,0.0,0.0
775,Fiji,FJI,2000,7,9,FJI00,0.0,0.0,0.0,0.0
776,Fiji,FJI,2002,1,2,FJI02,0.0,0.0,0.0,0.0
777,Fiji,FJI,2004,8,9,FJI04,0.0,0.0,0.0,0.0
778,Fiji,FJI,2008,6,6,FJI08,0.0,0.0,0.0,0.0
779,Fiji,FJI,2012,9,9,FJI12,0.0,0.0,0.0,0.0
780,Fiji,FJI,2016,53,53,FJI16,1.0,0.0,0.0,1.0
781,Finland,FIN,1906,4,18,FIN06,2.0,1.0,1.0,4.0
782,Finland,FIN,1906,4,18,FIN06,0.0,6.0,3.0,9.0
783,Finland,FIN,1908,62,94,FIN08,1.0,1.0,3.0,5.0
784,Finland,FIN,1908,62,94,FIN08,1.0,1.0,2.0,4.0
785,Finland,FIN,1912,164,233,FIN12,9.0,8.0,9.0,26.0
786,Finland,FIN,1912,164,233,FIN12,0.0,2.0,1.0,3.0
787,Finland,FIN,1920,63,136,FIN20,15.0,10.0,9.0,34.0
788,Finland,FIN,1920,63,136,FIN20,0.0,0.0,2.0,2.0
789,Finland,FIN,1924,138,286,FIN24,18.0,17.0,13.0,48.0
790,Finland,FIN,1928,87,159,FIN28,10.0,9.0,10.0,29.0
791,Finland,FIN,1932,47,78,FIN32,6.0,9.0,13.0,28.0
792,Finland,FIN,1936,127,222,FIN36,9.0,8.0,9.0,26.0
793,Finland,FIN,1948,153,260,FIN48,11.0,11.0,8.0,30.0
794,Finland,FIN,1952,308,485,FIN52,9.0,7.0,15.0,31.0
795,Finland,FIN,1956,102,199,FIN56,6.0,4.0,12.0,22.0
796,Finland,FIN,1960,165,293,FIN60,3.0,4.0,6.0,13.0
797,Finland,FIN,1964,140,238,FIN64,6.0,4.0,5.0,15.0
798,Finland,FIN,1968,118,221,FIN68,2.0,4.0,3.0,9.0
799,Finland,FIN,1972,146,216,FIN72,3.0,5.0,5.0,13.0
800,Finland,FIN,1976,130,187,FIN76,6.0,6.0,1.0,13.0
801,Finland,FIN,1980,157,210,FIN80,4.0,6.0,7.0,17.0
802,Finland,FIN,1984,131,187,FIN84,8.0,5.0,12.0,25.0
803,Finland,FIN,1988,131,193,FIN88,5.0,2.0,4.0,11.0
804,Finland,FIN,1992,150,244,FIN92,4.0,3.0,5.0,12.0
805,Finland,FIN,1994,61,112,FIN94,0.0,1.0,5.0,6.0
806,Finland,FIN,1996,76,105,FIN96,1.0,2.0,1.0,4.0
807,Finland,FIN,1998,85,132,FIN98,2.0,4.0,6.0,12.0
808,Finland,FIN,2000,70,88,FIN00,2.0,1.0,1.0,4.0
809,Finland,FIN,2002,98,165,FIN02,4.0,2.0,1.0,7.0
810,Finland,FIN,2004,53,67,FIN04,0.0,2.0,0.0,2.0
811,Finland,FIN,2006,90,140,FIN06,2.0,1.0,1.0,4.0
812,Finland,FIN,2006,90,140,FIN06,0.0,6.0,3.0,9.0
813,Finland,FIN,2008,57,70,FIN08,1.0,1.0,3.0,5.0
814,Finland,FIN,2008,57,70,FIN08,1.0,1.0,2.0,4.0
815,Finland,FIN,2010,91,146,FIN10,0.0,1.0,4.0,5.0
816,Finland,FIN,2012,56,69,FIN12,9.0,8.0,9.0,26.0
817,Finland,FIN,2012,56,69,FIN12,0.0,2.0,1.0,3.0
818,Finland,FIN,2014,99,147,FIN14,1.0,3.0,1.0,5.0
819,Finland,FIN,2016,54,67,FIN16,0.0,0.0,1.0,1.0
820,France,FRA,1896,12,26,FRA96,5.0,4.0,2.0,11.0
821,France,FRA,1896,12,26,FRA96,15.0,7.0,15.0,37.0
822,France,FRA,1900,720,1071,FRA00,31.0,41.0,40.0,112.0
823,France,FRA,1900,720,1071,FRA00,13.0,14.0,11.0,38.0
824,France,FRA,1906,56,174,FRA06,15.0,9.0,16.0,40.0
825,France,FRA,1906,56,174,FRA06,3.0,2.0,4.0,9.0
826,France,FRA,1908,208,319,FRA08,5.0,5.0,9.0,19.0
827,France,FRA,1908,208,319,FRA08,7.0,16.0,20.0,43.0
828,France,FRA,1912,119,232,FRA12,7.0,5.0,3.0,15.0
829,France,FRA,1912,119,232,FRA12,11.0,11.0,13.0,35.0
830,France,FRA,1920,304,452,FRA20,9.0,20.0,13.0,42.0
831,France,FRA,1920,304,452,FRA20,10.0,12.0,11.0,33.0
832,France,FRA,1924,444,704,FRA24,14.0,15.0,15.0,44.0
833,France,FRA,1924,444,704,FRA24,16.0,26.0,22.0,64.0
834,France,FRA,1928,293,469,FRA28,8.0,12.0,6.0,26.0
835,France,FRA,1932,111,167,FRA32,12.0,5.0,4.0,21.0
836,France,FRA,1936,229,337,FRA36,7.0,6.0,7.0,20.0
837,France,FRA,1948,352,493,FRA48,13.0,7.0,17.0,37.0
838,France,FRA,1952,271,453,FRA52,6.0,6.0,7.0,19.0
839,France,FRA,1956,177,279,FRA56,4.0,4.0,6.0,14.0
840,France,FRA,1960,264,418,FRA60,1.0,2.0,5.0,8.0
841,France,FRA,1964,162,264,FRA64,4.0,12.0,6.0,22.0
842,France,FRA,1968,275,429,FRA68,11.0,6.0,7.0,24.0
843,France,FRA,1972,267,425,FRA72,2.0,5.0,9.0,16.0
844,France,FRA,1976,241,361,FRA76,2.0,3.0,5.0,10.0
845,France,FRA,1980,143,244,FRA80,6.0,5.0,4.0,15.0
846,France,FRA,1984,270,411,FRA84,5.0,8.0,18.0,31.0
847,France,FRA,1988,334,528,FRA88,7.0,4.0,7.0,18.0
848,France,FRA,1992,448,670,FRA92,11.0,10.0,17.0,38.0
849,France,FRA,1994,98,169,FRA94,0.0,1.0,4.0,5.0
850,France,FRA,1996,299,453,FRA96,5.0,4.0,2.0,11.0
851,France,FRA,1996,299,453,FRA96,15.0,7.0,15.0,37.0
852,France,FRA,1998,106,159,FRA98,2.0,1.0,5.0,8.0
853,France,FRA,2000,336,470,FRA00,31.0,41.0,40.0,112.0
854,France,FRA,2000,336,470,FRA00,13.0,14.0,11.0,38.0
855,France,FRA,2002,114,176,FRA02,4.0,5.0,2.0,11.0
856,France,FRA,2004,308,461,FRA04,11.0,9.0,13.0,33.0
857,France,FRA,2006,82,159,FRA06,15.0,9.0,16.0,40.0
858,France,FRA,2006,82,159,FRA06,3.0,2.0,4.0,9.0
859,France,FRA,2008,309,448,FRA08,5.0,5.0,9.0,19.0
860,France,FRA,2008,309,448,FRA08,7.0,16.0,20.0,43.0
861,France,FRA,2010,104,196,FRA10,3.0,2.0,6.0,11.0
862,France,FRA,2012,324,426,FRA12,7.0,5.0,3.0,15.0
863,France,FRA,2012,324,426,FRA12,11.0,11.0,13.0,35.0
864,France,FRA,2014,107,201,FRA14,4.0,4.0,7.0,15.0
865,France,FRA,2016,392,512,FRA16,10.0,18.0,14.0,42.0
866,Gabon,GAB,1972,1,1,GAB72,0.0,0.0,0.0,0.0
867,Gabon,GAB,1984,4,4,GAB84,0.0,0.0,0.0,0.0
868,Gabon,GAB,1988,2,2,GAB88,0.0,0.0,0.0,0.0
869,Gabon,GAB,1992,5,5,GAB92,0.0,0.0,0.0,0.0
870,Gabon,GAB,1996,7,9,GAB96,0.0,0.0,0.0,0.0
871,Gabon,GAB,2000,5,6,GAB00,0.0,0.0,0.0,0.0
872,Gabon,GAB,2004,5,5,GAB04,0.0,0.0,0.0,0.0
873,Gabon,GAB,2008,4,4,GAB08,0.0,0.0,0.0,0.0
874,Gabon,GAB,2012,21,21,GAB12,0.0,1.0,0.0,1.0
875,Gabon,GAB,2016,6,6,GAB16,0.0,0.0,0.0,0.0
876,Georgia,GEO,1994,5,7,GEO94,0.0,0.0,0.0,0.0
877,Georgia,GEO,1996,34,42,GEO96,0.0,0.0,2.0,2.0
878,Georgia,GEO,1998,4,6,GEO98,0.0,0.0,0.0,0.0
879,Georgia,GEO,2000,36,47,GEO00,0.0,0.0,6.0,6.0
880,Georgia,GEO,2002,4,6,GEO02,0.0,0.0,0.0,0.0
881,Georgia,GEO,2004,32,39,GEO04,2.0,2.0,0.0,4.0
882,Georgia,GEO,2006,3,4,GEO06,0.0,0.0,0.0,0.0
883,Georgia,GEO,2008,35,38,GEO08,3.0,2.0,2.0,7.0
884,Georgia,GEO,2010,6,9,GEO10,0.0,0.0,0.0,0.0
885,Georgia,GEO,2012,34,36,GEO12,1.0,2.0,3.0,6.0
886,Georgia,GEO,2014,4,7,GEO14,0.0,0.0,0.0,0.0
887,Georgia,GEO,2016,40,45,GEO16,2.0,1.0,4.0,7.0
888,Germany,DEU,1896,19,94,DEU96,6.0,5.0,2.0,13.0
889,Germany,DEU,1896,19,94,DEU96,20.0,18.0,27.0,65.0
890,Germany,DEU,1900,76,103,DEU00,4.0,3.0,2.0,9.0
891,Germany,DEU,1900,76,103,DEU00,13.0,17.0,26.0,56.0
892,Germany,DEU,1904,22,55,DEU04,5.0,4.0,5.0,14.0
893,Germany,DEU,1904,22,55,DEU04,13.0,16.0,20.0,49.0
894,Germany,DEU,1906,49,157,DEU06,4.0,6.0,5.0,15.0
895,Germany,DEU,1906,49,157,DEU06,11.0,12.0,6.0,29.0
896,Germany,DEU,1908,82,148,DEU08,3.0,5.0,5.0,13.0
897,Germany,DEU,1908,82,148,DEU08,16.0,11.0,14.0,41.0
898,Germany,DEU,1912,185,312,DEU12,6.0,13.0,7.0,26.0
899,Germany,DEU,1912,185,312,DEU12,11.0,20.0,13.0,44.0
900,Germany,DEU,1928,339,450,DEU28,11.0,9.0,20.0,40.0
901,Germany,DEU,1932,165,225,DEU32,5.0,12.0,9.0,26.0
902,Germany,DEU,1936,488,648,DEU36,41.0,34.0,32.0,107.0
903,Germany,DEU,1952,258,442,DEU52,3.0,9.0,19.0,31.0
904,Germany,DEU,1956,230,351,DEU56,7.0,13.0,8.0,28.0
905,Germany,DEU,1960,368,535,DEU60,16.0,22.0,12.0,50.0
906,Germany,DEU,1964,433,622,DEU64,13.0,25.0,21.0,59.0
907,Germany,DEU,1992,574,846,DEU92,43.0,31.0,34.0,108.0
908,Germany,DEU,1994,112,184,DEU94,9.0,7.0,8.0,24.0
909,Germany,DEU,1996,466,626,DEU96,6.0,5.0,2.0,13.0
910,Germany,DEU,1996,466,626,DEU96,20.0,18.0,27.0,65.0
911,Germany,DEU,1998,125,217,DEU98,12.0,9.0,8.0,29.0
912,Germany,DEU,2000,422,567,DEU00,4.0,3.0,2.0,9.0
913,Germany,DEU,2000,422,567,DEU00,13.0,17.0,26.0,56.0
914,Germany,DEU,2002,157,259,DEU02,12.0,16.0,8.0,36.0
915,Germany,DEU,2004,441,592,DEU04,5.0,4.0,5.0,14.0
916,Germany,DEU,2004,441,592,DEU04,13.0,16.0,20.0,49.0
917,Germany,DEU,2006,155,263,DEU06,4.0,6.0,5.0,15.0
918,Germany,DEU,2006,155,263,DEU06,11.0,12.0,6.0,29.0
919,Germany,DEU,2008,420,558,DEU08,3.0,5.0,5.0,13.0
920,Germany,DEU,2008,420,558,DEU08,16.0,11.0,14.0,41.0
921,Germany,DEU,2010,149,259,DEU10,10.0,13.0,7.0,30.0
922,Germany,DEU,2012,383,510,DEU12,6.0,13.0,7.0,26.0
923,Germany,DEU,2012,383,510,DEU12,11.0,20.0,13.0,44.0
924,Germany,DEU,2014,151,271,DEU14,9.0,5.0,5.0,19.0
925,Germany,DEU,2016,418,536,DEU16,17.0,10.0,15.0,42.0
926,Ghana,GHA,1952,7,9,GHA52,0.0,0.0,0.0,0.0
927,Ghana,GHA,1960,13,15,GHA60,0.0,1.0,0.0,1.0
928,Ghana,GHA,1964,33,40,GHA64,0.0,0.0,1.0,1.0
929,Ghana,GHA,1968,31,36,GHA68,0.0,0.0,0.0,0.0
930,Ghana,GHA,1972,35,41,GHA72,0.0,0.0,1.0,1.0
931,Ghana,GHA,1984,21,27,GHA84,0.0,0.0,0.0,0.0
932,Ghana,GHA,1988,16,21,GHA88,0.0,0.0,0.0,0.0
933,Ghana,GHA,1992,34,41,GHA92,0.0,0.0,1.0,1.0
934,Ghana,GHA,1996,35,40,GHA96,0.0,0.0,0.0,0.0
935,Ghana,GHA,2000,22,28,GHA00,0.0,0.0,0.0,0.0
936,Ghana,GHA,2004,26,29,GHA04,0.0,0.0,0.0,0.0
937,Ghana,GHA,2008,9,9,GHA08,0.0,0.0,0.0,0.0
938,Ghana,GHA,2010,1,1,GHA10,0.0,0.0,0.0,0.0
939,Ghana,GHA,2012,7,7,GHA12,0.0,0.0,0.0,0.0
940,Ghana,GHA,2016,13,15,GHA16,0.0,0.0,0.0,0.0
941,Great Britain,GBR,1896,10,25,GBR96,2.0,3.0,2.0,7.0
942,Great Britain,GBR,1896,10,25,GBR96,1.0,8.0,6.0,15.0
943,Great Britain,GBR,1900,104,146,GBR00,20.0,8.0,9.0,37.0
944,Great Britain,GBR,1900,104,146,GBR00,11.0,10.0,7.0,28.0
945,Great Britain,GBR,1904,6,6,GBR04,1.0,1.0,0.0,2.0
946,Great Britain,GBR,1904,6,6,GBR04,9.0,9.0,12.0,30.0
947,Great Britain,GBR,1906,48,113,GBR06,8.0,11.0,5.0,24.0
948,Great Britain,GBR,1906,48,113,GBR06,0.0,1.0,0.0,1.0
949,Great Britain,GBR,1908,735,972,GBR08,56.0,51.0,39.0,146.0
950,Great Britain,GBR,1908,735,972,GBR08,19.0,13.0,19.0,51.0
951,Great Britain,GBR,1912,274,461,GBR12,10.0,15.0,16.0,41.0
952,Great Britain,GBR,1912,274,461,GBR12,29.0,18.0,18.0,65.0
953,Great Britain,GBR,1920,234,345,GBR20,14.0,16.0,13.0,43.0
954,Great Britain,GBR,1920,234,345,GBR20,22.0,20.0,22.0,64.0
955,Great Britain,GBR,1924,311,478,GBR24,10.0,15.0,14.0,39.0
956,Great Britain,GBR,1924,311,478,GBR24,14.0,22.0,29.0,65.0
957,Great Britain,GBR,1928,264,393,GBR28,4.0,11.0,8.0,23.0
958,Great Britain,GBR,1932,111,174,GBR32,5.0,7.0,5.0,17.0
959,Great Britain,GBR,1936,246,290,GBR36,5.0,8.0,4.0,17.0
960,Great Britain,GBR,1948,462,668,GBR48,4.0,16.0,9.0,29.0
961,Great Britain,GBR,1952,275,436,GBR52,2.0,2.0,8.0,12.0
962,Great Britain,GBR,1956,238,352,GBR56,6.0,7.0,11.0,24.0
963,Great Britain,GBR,1960,270,428,GBR60,2.0,6.0,12.0,20.0
964,Great Britain,GBR,1964,240,366,GBR64,5.0,12.0,2.0,19.0
965,Great Britain,GBR,1968,263,392,GBR68,5.0,5.0,3.0,13.0
966,Great Britain,GBR,1972,321,504,GBR72,4.0,5.0,9.0,18.0
967,Great Britain,GBR,1976,284,423,GBR76,4.0,5.0,5.0,14.0
968,Great Britain,GBR,1980,267,404,GBR80,6.0,7.0,9.0,22.0
969,Great Britain,GBR,1984,387,587,GBR84,6.0,11.0,21.0,38.0
970,Great Britain,GBR,1988,393,567,GBR88,5.0,10.0,9.0,24.0
971,Great Britain,GBR,1992,420,602,GBR92,5.0,3.0,12.0,20.0
972,Great Britain,GBR,1994,32,51,GBR94,0.0,0.0,2.0,2.0
973,Great Britain,GBR,1996,300,391,GBR96,2.0,3.0,2.0,7.0
974,Great Britain,GBR,1996,300,391,GBR96,1.0,8.0,6.0,15.0
975,Great Britain,GBR,1998,34,45,GBR98,0.0,0.0,1.0,1.0
976,Great Britain,GBR,2000,310,415,GBR00,20.0,8.0,9.0,37.0
977,Great Britain,GBR,2000,310,415,GBR00,11.0,10.0,7.0,28.0
978,Great Britain,GBR,2002,49,70,GBR02,1.0,0.0,1.0,2.0
979,Great Britain,GBR,2004,264,360,GBR04,1.0,1.0,0.0,2.0
980,Great Britain,GBR,2004,264,360,GBR04,9.0,9.0,12.0,30.0
981,Great Britain,GBR,2006,39,54,GBR06,8.0,11.0,5.0,24.0
982,Great Britain,GBR,2006,39,54,GBR06,0.0,1.0,0.0,1.0
983,Great Britain,GBR,2008,304,420,GBR08,56.0,51.0,39.0,146.0
984,Great Britain,GBR,2008,304,420,GBR08,19.0,13.0,19.0,51.0
985,Great Britain,GBR,2010,52,78,GBR10,1.0,0.0,0.0,1.0
986,Great Britain,GBR,2012,530,684,GBR12,10.0,15.0,16.0,41.0
987,Great Britain,GBR,2012,530,684,GBR12,29.0,18.0,18.0,65.0
988,Great Britain,GBR,2014,53,78,GBR14,1.0,1.0,3.0,5.0
989,Great Britain,GBR,2016,360,478,GBR16,27.0,23.0,17.0,67.0
990,Greece,GRC,1896,102,148,GRC96,10.0,18.0,19.0,47.0
991,Greece,GRC,1896,102,148,GRC96,4.0,4.0,0.0,8.0
992,Greece,GRC,1900,3,4,GRC00,4.0,6.0,3.0,13.0
993,Greece,GRC,1904,14,17,GRC04,1.0,0.0,1.0,2.0
994,Greece,GRC,1904,14,17,GRC04,6.0,6.0,4.0,16.0
995,Greece,GRC,1906,312,484,GRC06,8.0,14.0,13.0,35.0
996,Greece,GRC,1908,20,49,GRC08,0.0,3.0,1.0,4.0
997,Greece,GRC,1908,20,49,GRC08,0.0,2.0,1.0,3.0
998,Greece,GRC,1912,22,77,GRC12,1.0,0.0,1.0,2.0
999,Greece,GRC,1912,22,77,GRC12,0.0,0.0,2.0,2.0
1000,Greece,GRC,1920,47,98,GRC20,0.0,1.0,0.0,1.0
1001,Greece,GRC,1920,47,98,GRC20,2.0,1.0,1.0,4.0
1002,Greece,GRC,1924,39,79,GRC24,1.0,0.0,0.0,1.0
1003,Greece,GRC,1924,39,79,GRC24,1.0,1.0,6.0,8.0
1004,Greece,GRC,1928,23,47,GRC28,0.0,0.0,0.0,0.0
1005,Greece,GRC,1932,10,16,GRC32,0.0,0.0,0.0,0.0
1006,Greece,GRC,1936,42,66,GRC36,0.0,0.0,0.0,0.0
1007,Greece,GRC,1948,62,99,GRC48,0.0,0.0,0.0,0.0
1008,Greece,GRC,1952,51,60,GRC52,0.0,0.0,0.0,0.0
1009,Greece,GRC,1956,16,22,GRC56,0.0,0.0,1.0,1.0
1010,Greece,GRC,1960,48,59,GRC60,1.0,0.0,0.0,1.0
1011,Greece,GRC,1964,21,26,GRC64,0.0,0.0,0.0,0.0
1012,Greece,GRC,1968,47,52,GRC68,0.0,0.0,1.0,1.0
1013,Greece,GRC,1972,63,72,GRC72,0.0,2.0,0.0,2.0
1014,Greece,GRC,1976,40,50,GRC76,0.0,0.0,0.0,0.0
1015,Greece,GRC,1980,44,51,GRC80,1.0,0.0,2.0,3.0
1016,Greece,GRC,1984,69,86,GRC84,0.0,1.0,1.0,2.0
1017,Greece,GRC,1988,62,87,GRC88,0.0,0.0,1.0,1.0
1018,Greece,GRC,1992,78,102,GRC92,2.0,0.0,0.0,2.0
1019,Greece,GRC,1994,9,15,GRC94,0.0,0.0,0.0,0.0
1020,Greece,GRC,1996,121,180,GRC96,10.0,18.0,19.0,47.0
1021,Greece,GRC,1996,121,180,GRC96,4.0,4.0,0.0,8.0
1022,Greece,GRC,1998,13,16,GRC98,0.0,0.0,0.0,0.0
1023,Greece,GRC,2000,140,175,GRC00,4.0,6.0,3.0,13.0
1024,Greece,GRC,2002,10,17,GRC02,0.0,0.0,0.0,0.0
1025,Greece,GRC,2004,426,499,GRC04,1.0,0.0,1.0,2.0
1026,Greece,GRC,2004,426,499,GRC04,6.0,6.0,4.0,16.0
1027,Greece,GRC,2006,5,8,GRC06,8.0,14.0,13.0,35.0
1028,Greece,GRC,2008,152,176,GRC08,0.0,3.0,1.0,4.0
1029,Greece,GRC,2008,152,176,GRC08,0.0,2.0,1.0,3.0
1030,Greece,GRC,2010,7,12,GRC10,0.0,0.0,0.0,0.0
1031,Greece,GRC,2012,102,115,GRC12,1.0,0.0,1.0,2.0
1032,Greece,GRC,2012,102,115,GRC12,0.0,0.0,2.0,2.0
1033,Greece,GRC,2014,7,13,GRC14,0.0,0.0,0.0,0.0
1034,Greece,GRC,2016,92,104,GRC16,3.0,1.0,2.0,6.0
1035,Grenada,GRD,1984,6,6,GRD84,0.0,0.0,0.0,0.0
1036,Grenada,GRD,1988,6,7,GRD88,0.0,0.0,0.0,0.0
1037,Grenada,GRD,1992,4,5,GRD92,0.0,0.0,0.0,0.0
1038,Grenada,GRD,1996,5,5,GRD96,0.0,0.0,0.0,0.0
1039,Grenada,GRD,2000,3,3,GRD00,0.0,0.0,0.0,0.0
1040,Grenada,GRD,2004,5,5,GRD04,0.0,0.0,0.0,0.0
1041,Grenada,GRD,2008,9,9,GRD08,0.0,0.0,0.0,0.0
1042,Grenada,GRD,2012,8,8,GRD12,1.0,0.0,0.0,1.0
1043,Grenada,GRD,2016,6,6,GRD16,0.0,1.0,0.0,1.0
1044,Guatemala,GTM,1932,1,1,GTM32,0.0,0.0,0.0,0.0
1045,Guatemala,GTM,1952,21,35,GTM52,0.0,0.0,0.0,0.0
1046,Guatemala,GTM,1968,48,67,GTM68,0.0,0.0,0.0,0.0
1047,Guatemala,GTM,1972,8,11,GTM72,0.0,0.0,0.0,0.0
1048,Guatemala,GTM,1976,28,28,GTM76,0.0,0.0,0.0,0.0
1049,Guatemala,GTM,1980,10,10,GTM80,0.0,0.0,0.0,0.0
1050,Guatemala,GTM,1984,24,53,GTM84,0.0,0.0,0.0,0.0
1051,Guatemala,GTM,1988,34,52,GTM88,0.0,0.0,0.0,0.0
1052,Guatemala,GTM,1992,14,41,GTM92,0.0,0.0,0.0,0.0
1053,Guatemala,GTM,1996,26,28,GTM96,0.0,0.0,0.0,0.0
1054,Guatemala,GTM,2000,15,18,GTM00,0.0,0.0,0.0,0.0
1055,Guatemala,GTM,2004,18,19,GTM04,0.0,0.0,0.0,0.0
1056,Guatemala,GTM,2008,12,13,GTM08,0.0,0.0,0.0,0.0
1057,Guatemala,GTM,2012,19,24,GTM12,0.0,1.0,0.0,1.0
1058,Guatemala,GTM,2016,21,25,GTM16,0.0,0.0,0.0,0.0
1059,Guyana,GUY,1948,4,7,GUY48,0.0,0.0,0.0,0.0
1060,Guyana,GUY,1952,1,1,GUY52,0.0,0.0,0.0,0.0
1061,Guyana,GUY,1956,4,6,GUY56,0.0,0.0,0.0,0.0
1062,Guyana,GUY,1960,5,6,GUY60,0.0,0.0,0.0,0.0
1063,Guyana,GUY,1964,1,1,GUY64,0.0,0.0,0.0,0.0
1064,Guyana,GUY,1968,5,6,GUY68,0.0,0.0,0.0,0.0
1065,Guyana,GUY,1972,3,4,GUY72,0.0,0.0,0.0,0.0
1066,Guyana,GUY,1980,8,10,GUY80,0.0,0.0,1.0,1.0
1067,Guyana,GUY,1984,10,12,GUY84,0.0,0.0,0.0,0.0
1068,Guyana,GUY,1988,8,8,GUY88,0.0,0.0,0.0,0.0
1069,Guyana,GUY,1992,6,7,GUY92,0.0,0.0,0.0,0.0
1070,Guyana,GUY,1996,7,9,GUY96,0.0,0.0,0.0,0.0
1071,Guyana,GUY,2000,4,4,GUY00,0.0,0.0,0.0,0.0
1072,Guyana,GUY,2004,4,4,GUY04,0.0,0.0,0.0,0.0
1073,Guyana,GUY,2008,4,4,GUY08,0.0,0.0,0.0,0.0
1074,Guyana,GUY,2012,6,6,GUY12,0.0,0.0,0.0,0.0
1075,Guyana,GUY,2016,6,7,GUY16,0.0,0.0,0.0,0.0
1076,Hong Kong,HKG,1952,4,9,HKG52,0.0,0.0,0.0,0.0
1077,Hong Kong,HKG,1956,2,4,HKG56,0.0,0.0,0.0,0.0
1078,Hong Kong,HKG,1960,4,4,HKG60,0.0,0.0,0.0,0.0
1079,Hong Kong,HKG,1964,39,50,HKG64,0.0,0.0,0.0,0.0
1080,Hong Kong,HKG,1968,11,25,HKG68,0.0,0.0,0.0,0.0
1081,Hong Kong,HKG,1972,10,18,HKG72,0.0,0.0,0.0,0.0
1082,Hong Kong,HKG,1976,25,50,HKG76,0.0,0.0,0.0,0.0
1083,Hong Kong,HKG,1984,47,87,HKG84,0.0,0.0,0.0,0.0
1084,Hong Kong,HKG,1988,48,91,HKG88,0.0,0.0,0.0,0.0
1085,Hong Kong,HKG,1992,38,66,HKG92,0.0,0.0,0.0,0.0
1086,Hong Kong,HKG,1996,23,32,HKG96,1.0,0.0,0.0,1.0
1087,Hong Kong,HKG,2000,31,46,HKG00,0.0,0.0,0.0,0.0
1088,Hong Kong,HKG,2002,2,5,HKG02,0.0,0.0,0.0,0.0
1089,Hong Kong,HKG,2004,32,42,HKG04,0.0,1.0,0.0,1.0
1090,Hong Kong,HKG,2006,1,3,HKG06,0.0,0.0,0.0,0.0
1091,Hong Kong,HKG,2008,34,47,HKG08,0.0,0.0,0.0,0.0
1092,Hong Kong,HKG,2010,1,3,HKG10,0.0,0.0,0.0,0.0
1093,Hong Kong,HKG,2012,41,55,HKG12,0.0,0.0,1.0,1.0
1094,Hong Kong,HKG,2014,1,1,HKG14,0.0,0.0,0.0,0.0
1095,Hong Kong,HKG,2016,37,47,HKG16,0.0,0.0,0.0,0.0
1096,Hungary,HUN,1896,7,18,HUN96,2.0,1.0,3.0,6.0
1097,Hungary,HUN,1896,7,18,HUN96,7.0,4.0,10.0,21.0
1098,Hungary,HUN,1900,18,34,HUN00,1.0,2.0,2.0,5.0
1099,Hungary,HUN,1900,18,34,HUN00,8.0,6.0,3.0,17.0
1100,Hungary,HUN,1904,4,9,HUN04,2.0,1.0,1.0,4.0
1101,Hungary,HUN,1904,4,9,HUN04,8.0,6.0,3.0,17.0
1102,Hungary,HUN,1906,35,99,HUN06,2.0,5.0,3.0,10.0
1103,Hungary,HUN,1908,65,107,HUN08,3.0,4.0,2.0,9.0
1104,Hungary,HUN,1908,65,107,HUN08,3.0,5.0,2.0,10.0
1105,Hungary,HUN,1912,121,207,HUN12,3.0,2.0,3.0,8.0
1106,Hungary,HUN,1912,121,207,HUN12,8.0,4.0,6.0,18.0
1107,Hungary,HUN,1924,93,146,HUN24,2.0,4.0,4.0,10.0
1108,Hungary,HUN,1924,93,146,HUN24,6.0,7.0,6.0,19.0
1109,Hungary,HUN,1928,122,235,HUN28,5.0,5.0,0.0,10.0
1110,Hungary,HUN,1932,58,118,HUN32,6.0,5.0,6.0,17.0
1111,Hungary,HUN,1936,241,364,HUN36,10.0,1.0,6.0,17.0
1112,Hungary,HUN,1948,150,265,HUN48,10.0,6.0,13.0,29.0
1113,Hungary,HUN,1952,201,366,HUN52,16.0,10.0,17.0,43.0
1114,Hungary,HUN,1956,113,199,HUN56,9.0,10.0,8.0,27.0
1115,Hungary,HUN,1960,187,316,HUN60,6.0,8.0,7.0,21.0
1116,Hungary,HUN,1964,210,361,HUN64,10.0,7.0,5.0,22.0
1117,Hungary,HUN,1968,177,324,HUN68,10.0,10.0,12.0,32.0
1118,Hungary,HUN,1972,233,368,HUN72,6.0,13.0,16.0,35.0
1119,Hungary,HUN,1976,181,291,HUN76,4.0,5.0,13.0,22.0
1120,Hungary,HUN,1980,265,394,HUN80,7.0,11.0,15.0,33.0
1121,Hungary,HUN,1984,9,16,HUN84,0.0,0.0,0.0,0.0
1122,Hungary,HUN,1988,193,322,HUN88,11.0,6.0,6.0,23.0
1123,Hungary,HUN,1992,241,413,HUN92,11.0,12.0,7.0,30.0
1124,Hungary,HUN,1994,16,28,HUN94,0.0,0.0,0.0,0.0
1125,Hungary,HUN,1996,213,315,HUN96,2.0,1.0,3.0,6.0
1126,Hungary,HUN,1996,213,315,HUN96,7.0,4.0,10.0,21.0
1127,Hungary,HUN,1998,17,24,HUN98,0.0,0.0,0.0,0.0
1128,Hungary,HUN,2000,178,238,HUN00,1.0,2.0,2.0,5.0
1129,Hungary,HUN,2000,178,238,HUN00,8.0,6.0,3.0,17.0
1130,Hungary,HUN,2002,25,46,HUN02,0.0,0.0,0.0,0.0
1131,Hungary,HUN,2004,209,258,HUN04,2.0,1.0,1.0,4.0
1132,Hungary,HUN,2004,209,258,HUN04,8.0,6.0,3.0,17.0
1133,Hungary,HUN,2006,19,32,HUN06,2.0,5.0,3.0,10.0
1134,Hungary,HUN,2008,171,216,HUN08,3.0,4.0,2.0,9.0
1135,Hungary,HUN,2008,171,216,HUN08,3.0,5.0,2.0,10.0
1136,Hungary,HUN,2010,15,32,HUN10,0.0,0.0,0.0,0.0
1137,Hungary,HUN,2012,152,201,HUN12,3.0,2.0,3.0,8.0
1138,Hungary,HUN,2012,152,201,HUN12,8.0,4.0,6.0,18.0
1139,Hungary,HUN,2014,16,37,HUN14,0.0,0.0,0.0,0.0
1140,Hungary,HUN,2016,154,204,HUN16,8.0,3.0,4.0,15.0
1141,Iceland,ISL,1908,1,1,ISL08,0.0,1.0,0.0,1.0
1142,Iceland,ISL,1912,2,2,ISL12,0.0,0.0,0.0,0.0
1143,Iceland,ISL,1936,12,13,ISL36,0.0,0.0,0.0,0.0
1144,Iceland,ISL,1948,24,35,ISL48,0.0,0.0,0.0,0.0
1145,Iceland,ISL,1952,20,42,ISL52,0.0,0.0,0.0,0.0
1146,Iceland,ISL,1956,9,16,ISL56,0.0,1.0,0.0,1.0
1147,Iceland,ISL,1960,13,21,ISL60,0.0,0.0,0.0,0.0
1148,Iceland,ISL,1964,9,15,ISL64,0.0,0.0,0.0,0.0
1149,Iceland,ISL,1968,12,24,ISL68,0.0,0.0,0.0,0.0
1150,Iceland,ISL,1972,25,30,ISL72,0.0,0.0,0.0,0.0
1151,Iceland,ISL,1976,21,38,ISL76,0.0,0.0,0.0,0.0
1152,Iceland,ISL,1980,15,24,ISL80,0.0,0.0,0.0,0.0
1153,Iceland,ISL,1984,35,45,ISL84,0.0,0.0,1.0,1.0
1154,Iceland,ISL,1988,35,48,ISL88,0.0,0.0,0.0,0.0
1155,Iceland,ISL,1992,32,46,ISL92,0.0,0.0,0.0,0.0
1156,Iceland,ISL,1994,5,14,ISL94,0.0,0.0,0.0,0.0
1157,Iceland,ISL,1996,9,15,ISL96,0.0,0.0,0.0,0.0
1158,Iceland,ISL,1998,7,12,ISL98,0.0,0.0,0.0,0.0
1159,Iceland,ISL,2000,18,29,ISL00,0.0,0.0,1.0,1.0
1160,Iceland,ISL,2002,6,12,ISL02,0.0,0.0,0.0,0.0
1161,Iceland,ISL,2004,26,34,ISL04,0.0,0.0,0.0,0.0
1162,Iceland,ISL,2006,5,12,ISL06,0.0,0.0,0.0,0.0
1163,Iceland,ISL,2008,27,31,ISL08,0.0,1.0,0.0,1.0
1164,Iceland,ISL,2010,4,7,ISL10,0.0,0.0,0.0,0.0
1165,Iceland,ISL,2012,27,36,ISL12,0.0,0.0,0.0,0.0
1166,Iceland,ISL,2014,5,11,ISL14,0.0,0.0,0.0,0.0
1167,Iceland,ISL,2016,8,14,ISL16,0.0,0.0,0.0,0.0
1168,India,IND,1900,1,5,IND00,0.0,2.0,0.0,2.0
1169,India,IND,1900,1,5,IND00,0.0,0.0,1.0,1.0
1170,India,IND,1920,5,7,IND20,1.0,2.0,4.0,7.0
1171,India,IND,1924,20,31,IND24,0.0,1.0,5.0,6.0
1172,India,IND,1928,21,24,IND28,1.0,0.0,0.0,1.0
1173,India,IND,1932,19,26,IND32,1.0,0.0,0.0,1.0
1174,India,IND,1936,27,30,IND36,1.0,0.0,0.0,1.0
1175,India,IND,1948,79,89,IND48,1.0,0.0,0.0,1.0
1176,India,IND,1952,64,94,IND52,1.0,0.0,1.0,2.0
1177,India,IND,1956,59,79,IND56,1.0,0.0,0.0,1.0
1178,India,IND,1960,45,49,IND60,0.0,1.0,0.0,1.0
1179,India,IND,1964,54,112,IND64,1.0,0.0,0.0,1.0
1180,India,IND,1968,26,30,IND68,0.0,0.0,1.0,1.0
1181,India,IND,1972,41,43,IND72,0.0,0.0,1.0,1.0
1182,India,IND,1976,26,26,IND76,0.0,0.0,0.0,0.0
1183,India,IND,1980,72,78,IND80,1.0,0.0,0.0,1.0
1184,India,IND,1984,48,53,IND84,0.0,0.0,0.0,0.0
1185,India,IND,1988,49,58,IND88,0.0,0.0,0.0,0.0
1186,India,IND,1992,54,65,IND92,0.0,0.0,0.0,0.0
1187,India,IND,1996,49,54,IND96,0.0,0.0,1.0,1.0
1188,India,IND,1998,1,1,IND98,0.0,0.0,0.0,0.0
1189,India,IND,2000,65,70,IND00,0.0,2.0,0.0,2.0
1190,India,IND,2000,65,70,IND00,0.0,0.0,1.0,1.0
1191,India,IND,2002,1,1,IND02,0.0,0.0,0.0,0.0
1192,India,IND,2004,73,81,IND04,0.0,1.0,0.0,1.0
1193,India,IND,2006,4,5,IND06,0.0,0.0,0.0,0.0
1194,India,IND,2008,53,67,IND08,1.0,0.0,2.0,3.0
1195,India,IND,2010,3,3,IND10,0.0,0.0,0.0,0.0
1196,India,IND,2012,81,95,IND12,0.0,2.0,4.0,6.0
1197,India,IND,2014,2,2,IND14,0.0,0.0,0.0,0.0
1198,India,IND,2016,112,130,IND16,0.0,1.0,1.0,2.0
1199,Indonesia,IDN,1952,3,3,IDN52,0.0,0.0,0.0,0.0
1200,Indonesia,IDN,1956,22,24,IDN56,0.0,0.0,0.0,0.0
1201,Indonesia,IDN,1960,22,27,IDN60,0.0,0.0,0.0,0.0
1202,Indonesia,IDN,1968,6,6,IDN68,0.0,0.0,0.0,0.0
1203,Indonesia,IDN,1972,6,7,IDN72,0.0,0.0,0.0,0.0
1204,Indonesia,IDN,1976,7,11,IDN76,0.0,0.0,0.0,0.0
1205,Indonesia,IDN,1984,16,23,IDN84,0.0,0.0,0.0,0.0
1206,Indonesia,IDN,1988,29,43,IDN88,0.0,1.0,0.0,1.0
1207,Indonesia,IDN,1992,42,51,IDN92,2.0,2.0,1.0,5.0
1208,Indonesia,IDN,1996,40,45,IDN96,1.0,1.0,2.0,4.0
1209,Indonesia,IDN,2000,47,54,IDN00,1.0,3.0,2.0,6.0
1210,Indonesia,IDN,2004,38,39,IDN04,1.0,1.0,2.0,4.0
1211,Indonesia,IDN,2008,24,26,IDN08,1.0,1.0,4.0,6.0
1212,Indonesia,IDN,2012,22,22,IDN12,0.0,2.0,1.0,3.0
1213,Indonesia,IDN,2016,28,31,IDN16,1.0,2.0,0.0,3.0
1214,Iran,IRN,1900,1,1,IRN00,3.0,0.0,1.0,4.0
1215,Iran,IRN,1948,36,39,IRN48,0.0,0.0,1.0,1.0
1216,Iran,IRN,1952,22,23,IRN52,0.0,3.0,4.0,7.0
1217,Iran,IRN,1956,20,26,IRN56,2.0,2.0,1.0,5.0
1218,Iran,IRN,1960,23,24,IRN60,0.0,1.0,3.0,4.0
1219,Iran,IRN,1964,66,108,IRN64,0.0,0.0,2.0,2.0
1220,Iran,IRN,1968,18,26,IRN68,2.0,1.0,2.0,5.0
1221,Iran,IRN,1972,52,68,IRN72,0.0,2.0,1.0,3.0
1222,Iran,IRN,1976,88,116,IRN76,0.0,1.0,1.0,2.0
1223,Iran,IRN,1988,23,26,IRN88,0.0,1.0,0.0,1.0
1224,Iran,IRN,1992,36,44,IRN92,0.0,1.0,2.0,3.0
1225,Iran,IRN,1996,18,18,IRN96,1.0,1.0,1.0,3.0
1226,Iran,IRN,1998,1,1,IRN98,0.0,0.0,0.0,0.0
1227,Iran,IRN,2000,33,34,IRN00,3.0,0.0,1.0,4.0
1228,Iran,IRN,2002,2,2,IRN02,0.0,0.0,0.0,0.0
1229,Iran,IRN,2004,37,37,IRN04,2.0,2.0,2.0,6.0
1230,Iran,IRN,2006,2,3,IRN06,0.0,0.0,0.0,0.0
1231,Iran,IRN,2008,54,55,IRN08,1.0,0.0,1.0,2.0
1232,Iran,IRN,2010,4,7,IRN10,0.0,0.0,0.0,0.0
1233,Iran,IRN,2012,52,57,IRN12,7.0,5.0,1.0,13.0
1234,Iran,IRN,2014,5,7,IRN14,0.0,0.0,0.0,0.0
1235,Iran,IRN,2016,63,67,IRN16,3.0,1.0,4.0,8.0
1236,Iraq,IRQ,1948,11,13,IRQ48,0.0,0.0,0.0,0.0
1237,Iraq,IRQ,1960,21,28,IRQ60,0.0,0.0,1.0,1.0
1238,Iraq,IRQ,1964,13,19,IRQ64,0.0,0.0,0.0,0.0
1239,Iraq,IRQ,1968,3,4,IRQ68,0.0,0.0,0.0,0.0
1240,Iraq,IRQ,1980,43,44,IRQ80,0.0,0.0,0.0,0.0
1241,Iraq,IRQ,1984,23,25,IRQ84,0.0,0.0,0.0,0.0
1242,Iraq,IRQ,1988,27,28,IRQ88,0.0,0.0,0.0,0.0
1243,Iraq,IRQ,1992,8,8,IRQ92,0.0,0.0,0.0,0.0
1244,Iraq,IRQ,1996,3,3,IRQ96,0.0,0.0,0.0,0.0
1245,Iraq,IRQ,2000,4,4,IRQ00,0.0,0.0,0.0,0.0
1246,Iraq,IRQ,2004,24,24,IRQ04,0.0,0.0,0.0,0.0
1247,Iraq,IRQ,2008,4,4,IRQ08,0.0,0.0,0.0,0.0
1248,Iraq,IRQ,2012,8,8,IRQ12,0.0,0.0,0.0,0.0
1249,Iraq,IRQ,2016,20,20,IRQ16,0.0,0.0,0.0,0.0
1250,Ireland,IRL,1924,48,60,IRL24,0.0,1.0,1.0,2.0
1251,Ireland,IRL,1924,48,60,IRL24,4.0,0.0,3.0,7.0
1252,Ireland,IRL,1928,38,44,IRL28,1.0,0.0,0.0,1.0
1253,Ireland,IRL,1932,16,18,IRL32,2.0,0.0,0.0,2.0
1254,Ireland,IRL,1948,73,83,IRL48,0.0,0.0,1.0,1.0
1255,Ireland,IRL,1952,19,25,IRL52,0.0,1.0,0.0,1.0
1256,Ireland,IRL,1956,18,25,IRL56,1.0,1.0,3.0,5.0
1257,Ireland,IRL,1960,49,63,IRL60,0.0,0.0,0.0,0.0
1258,Ireland,IRL,1964,25,35,IRL64,0.0,0.0,1.0,1.0
1259,Ireland,IRL,1968,31,57,IRL68,0.0,0.0,0.0,0.0
1260,Ireland,IRL,1972,59,84,IRL72,0.0,0.0,0.0,0.0
1261,Ireland,IRL,1976,44,59,IRL76,0.0,0.0,0.0,0.0
1262,Ireland,IRL,1980,47,57,IRL80,0.0,1.0,1.0,2.0
1263,Ireland,IRL,1984,42,55,IRL84,0.0,1.0,0.0,1.0
1264,Ireland,IRL,1988,61,78,IRL88,0.0,0.0,0.0,0.0
1265,Ireland,IRL,1992,58,77,IRL92,1.0,1.0,0.0,2.0
1266,Ireland,IRL,1996,78,99,IRL96,3.0,0.0,1.0,4.0
1267,Ireland,IRL,1998,6,10,IRL98,0.0,0.0,0.0,0.0
1268,Ireland,IRL,2000,64,76,IRL00,0.0,1.0,0.0,1.0
1269,Ireland,IRL,2002,6,9,IRL02,0.0,0.0,0.0,0.0
1270,Ireland,IRL,2004,46,55,IRL04,0.0,0.0,0.0,0.0
1271,Ireland,IRL,2006,4,5,IRL06,0.0,0.0,0.0,0.0
1272,Ireland,IRL,2008,55,63,IRL08,0.0,1.0,2.0,3.0
1273,Ireland,IRL,2010,6,7,IRL10,0.0,0.0,0.0,0.0
1274,Ireland,IRL,2012,64,76,IRL12,1.0,1.0,4.0,6.0
1275,Ireland,IRL,2014,5,8,IRL14,0.0,0.0,0.0,0.0
1276,Ireland,IRL,2016,76,93,IRL16,0.0,2.0,0.0,2.0
1277,Israel,ISR,1952,25,31,ISR52,0.0,0.0,0.0,0.0
1278,Israel,ISR,1956,3,3,ISR56,0.0,0.0,0.0,0.0
1279,Israel,ISR,1960,23,46,ISR60,0.0,0.0,0.0,0.0
1280,Israel,ISR,1964,10,13,ISR64,0.0,0.0,0.0,0.0
1281,Israel,ISR,1968,29,39,ISR68,0.0,0.0,0.0,0.0
1282,Israel,ISR,1972,14,17,ISR72,0.0,0.0,0.0,0.0
1283,Israel,ISR,1976,26,34,ISR76,0.0,0.0,0.0,0.0
1284,Israel,ISR,1984,32,65,ISR84,0.0,0.0,0.0,0.0
1285,Israel,ISR,1988,18,29,ISR88,0.0,0.0,0.0,0.0
1286,Israel,ISR,1992,30,44,ISR92,0.0,1.0,1.0,2.0
1287,Israel,ISR,1994,1,1,ISR94,0.0,0.0,0.0,0.0
1288,Israel,ISR,1996,25,38,ISR96,0.0,0.0,1.0,1.0
1289,Israel,ISR,1998,3,3,ISR98,0.0,0.0,0.0,0.0
1290,Israel,ISR,2000,39,58,ISR00,0.0,0.0,1.0,1.0
1291,Israel,ISR,2002,5,7,ISR02,0.0,0.0,0.0,0.0
1292,Israel,ISR,2004,36,46,ISR04,1.0,0.0,1.0,2.0
1293,Israel,ISR,2006,5,6,ISR06,0.0,0.0,0.0,0.0
1294,Israel,ISR,2008,43,60,ISR08,0.0,0.0,1.0,1.0
1295,Israel,ISR,2010,3,4,ISR10,0.0,0.0,0.0,0.0
1296,Israel,ISR,2012,37,56,ISR12,0.0,0.0,0.0,0.0
1297,Israel,ISR,2014,4,6,ISR14,0.0,0.0,0.0,0.0
1298,Israel,ISR,2016,47,59,ISR16,0.0,0.0,2.0,2.0
1299,Italy,ITA,1896,1,1,ITA96,13.0,10.0,12.0,35.0
1300,Italy,ITA,1900,23,36,ITA00,3.0,2.0,0.0,5.0
1301,Italy,ITA,1900,23,36,ITA00,13.0,8.0,13.0,34.0
1302,Italy,ITA,1904,1,1,ITA04,10.0,11.0,11.0,32.0
1303,Italy,ITA,1906,76,103,ITA06,7.0,6.0,3.0,16.0
1304,Italy,ITA,1906,76,103,ITA06,5.0,0.0,6.0,11.0
1305,Italy,ITA,1908,66,97,ITA08,2.0,2.0,0.0,4.0
1306,Italy,ITA,1908,66,97,ITA08,8.0,9.0,10.0,27.0
1307,Italy,ITA,1912,66,96,ITA12,5.0,1.0,2.0,8.0
1308,Italy,ITA,1912,66,96,ITA12,8.0,9.0,11.0,28.0
1309,Italy,ITA,1920,174,291,ITA20,14.0,6.0,5.0,25.0
1310,Italy,ITA,1920,174,291,ITA20,10.0,10.0,20.0,40.0
1311,Italy,ITA,1924,223,357,ITA24,8.0,3.0,5.0,16.0
1312,Italy,ITA,1924,223,357,ITA24,12.0,13.0,15.0,40.0
1313,Italy,ITA,1928,187,289,ITA28,7.0,6.0,7.0,20.0
1314,Italy,ITA,1932,124,174,ITA32,12.0,12.0,12.0,36.0
1315,Italy,ITA,1936,284,397,ITA36,9.0,13.0,5.0,27.0
1316,Italy,ITA,1948,269,391,ITA48,10.0,12.0,10.0,32.0
1317,Italy,ITA,1952,264,428,ITA52,9.0,9.0,5.0,23.0
1318,Italy,ITA,1956,200,300,ITA56,9.0,10.0,9.0,28.0
1319,Italy,ITA,1960,308,460,ITA60,13.0,10.0,14.0,37.0
1320,Italy,ITA,1964,229,349,ITA64,10.0,11.0,10.0,31.0
1321,Italy,ITA,1968,214,347,ITA68,7.0,4.0,9.0,20.0
1322,Italy,ITA,1972,268,414,ITA72,7.0,5.0,11.0,23.0
1323,Italy,ITA,1976,268,406,ITA76,3.0,9.0,5.0,17.0
1324,Italy,ITA,1980,205,277,ITA80,8.0,5.0,4.0,17.0
1325,Italy,ITA,1984,342,485,ITA84,16.0,6.0,12.0,34.0
1326,Italy,ITA,1988,311,479,ITA88,8.0,5.0,6.0,19.0
1327,Italy,ITA,1992,411,611,ITA92,10.0,11.0,12.0,33.0
1328,Italy,ITA,1994,104,193,ITA94,7.0,5.0,8.0,20.0
1329,Italy,ITA,1996,340,460,ITA96,13.0,10.0,12.0,35.0
1330,Italy,ITA,1998,113,179,ITA98,2.0,6.0,2.0,10.0
1331,Italy,ITA,2000,361,457,ITA00,3.0,2.0,0.0,5.0
1332,Italy,ITA,2000,361,457,ITA00,13.0,8.0,13.0,34.0
1333,Italy,ITA,2002,109,198,ITA02,4.0,4.0,5.0,13.0
1334,Italy,ITA,2004,364,474,ITA04,10.0,11.0,11.0,32.0
1335,Italy,ITA,2006,179,290,ITA06,7.0,6.0,3.0,16.0
1336,Italy,ITA,2006,179,290,ITA06,5.0,0.0,6.0,11.0
1337,Italy,ITA,2008,333,459,ITA08,2.0,2.0,0.0,4.0
1338,Italy,ITA,2008,333,459,ITA08,8.0,9.0,10.0,27.0
1339,Italy,ITA,2010,109,208,ITA10,1.0,1.0,3.0,5.0
1340,Italy,ITA,2012,281,382,ITA12,5.0,1.0,2.0,8.0
1341,Italy,ITA,2012,281,382,ITA12,8.0,9.0,11.0,28.0
1342,Italy,ITA,2014,110,227,ITA14,0.0,2.0,6.0,8.0
1343,Italy,ITA,2016,309,399,ITA16,8.0,12.0,8.0,28.0
1344,Jamaica,JAM,1948,13,26,JAM48,1.0,2.0,0.0,3.0
1345,Jamaica,JAM,1952,8,16,JAM52,2.0,3.0,0.0,5.0
1346,Jamaica,JAM,1956,6,13,JAM56,0.0,0.0,0.0,0.0
1347,Jamaica,JAM,1964,21,32,JAM64,0.0,0.0,0.0,0.0
1348,Jamaica,JAM,1968,25,35,JAM68,0.0,1.0,0.0,1.0
1349,Jamaica,JAM,1972,33,51,JAM72,0.0,0.0,1.0,1.0
1350,Jamaica,JAM,1976,20,36,JAM76,1.0,1.0,0.0,2.0
1351,Jamaica,JAM,1980,18,32,JAM80,0.0,0.0,3.0,3.0
1352,Jamaica,JAM,1984,45,75,JAM84,0.0,1.0,2.0,3.0
1353,Jamaica,JAM,1988,39,55,JAM88,0.0,2.0,0.0,2.0
1354,Jamaica,JAM,1992,41,59,JAM92,0.0,3.0,1.0,4.0
1355,Jamaica,JAM,1994,4,6,JAM94,0.0,0.0,0.0,0.0
1356,Jamaica,JAM,1996,46,69,JAM96,1.0,3.0,2.0,6.0
1357,Jamaica,JAM,1998,6,6,JAM98,0.0,0.0,0.0,0.0
1358,Jamaica,JAM,2000,48,65,JAM00,0.0,6.0,3.0,9.0
1359,Jamaica,JAM,2002,2,2,JAM02,0.0,0.0,0.0,0.0
1360,Jamaica,JAM,2004,47,62,JAM04,2.0,1.0,2.0,5.0
1361,Jamaica,JAM,2008,50,66,JAM08,5.0,4.0,2.0,11.0
1362,Jamaica,JAM,2010,1,1,JAM10,0.0,0.0,0.0,0.0
1363,Jamaica,JAM,2012,45,62,JAM12,4.0,5.0,4.0,13.0
1364,Jamaica,JAM,2014,2,2,JAM14,0.0,0.0,0.0,0.0
1365,Jamaica,JAM,2016,56,77,JAM16,6.0,3.0,2.0,11.0
1366,Japan,JPN,1912,2,4,JPN12,7.0,14.0,17.0,38.0
1367,Japan,JPN,1920,15,26,JPN20,0.0,2.0,0.0,2.0
1368,Japan,JPN,1920,15,26,JPN20,27.0,14.0,17.0,58.0
1369,Japan,JPN,1924,19,37,JPN24,0.0,0.0,1.0,1.0
1370,Japan,JPN,1924,19,37,JPN24,20.0,12.0,13.0,45.0
1371,Japan,JPN,1928,46,66,JPN28,2.0,2.0,1.0,5.0
1372,Japan,JPN,1932,173,236,JPN32,7.0,7.0,4.0,18.0
1373,Japan,JPN,1936,251,374,JPN36,6.0,4.0,10.0,20.0
1374,Japan,JPN,1952,82,158,JPN52,1.0,6.0,2.0,9.0
1375,Japan,JPN,1956,122,248,JPN56,4.0,11.0,5.0,20.0
1376,Japan,JPN,1960,203,351,JPN60,4.0,7.0,7.0,18.0
1377,Japan,JPN,1964,375,541,JPN64,16.0,5.0,8.0,29.0
1378,Japan,JPN,1968,232,384,JPN68,11.0,7.0,7.0,25.0
1379,Japan,JPN,1972,269,427,JPN72,14.0,9.0,9.0,32.0
1380,Japan,JPN,1976,271,415,JPN76,9.0,6.0,10.0,25.0
1381,Japan,JPN,1980,50,80,JPN80,0.0,1.0,0.0,1.0
1382,Japan,JPN,1984,265,440,JPN84,10.0,9.0,14.0,33.0
1383,Japan,JPN,1988,303,525,JPN88,4.0,3.0,8.0,15.0
1384,Japan,JPN,1992,316,528,JPN92,4.0,10.0,15.0,29.0
1385,Japan,JPN,1994,59,125,JPN94,1.0,2.0,2.0,5.0
1386,Japan,JPN,1996,306,448,JPN96,3.0,6.0,5.0,14.0
1387,Japan,JPN,1998,156,245,JPN98,5.0,1.0,4.0,10.0
1388,Japan,JPN,2000,266,363,JPN00,5.0,8.0,5.0,18.0
1389,Japan,JPN,2002,103,203,JPN02,0.0,1.0,1.0,2.0
1390,Japan,JPN,2004,306,414,JPN04,16.0,9.0,12.0,37.0
1391,Japan,JPN,2006,110,190,JPN06,1.0,0.0,0.0,1.0
1392,Japan,JPN,2008,332,457,JPN08,9.0,8.0,8.0,25.0
1393,Japan,JPN,2010,91,153,JPN10,0.0,3.0,2.0,5.0
1394,Japan,JPN,2012,291,399,JPN12,7.0,14.0,17.0,38.0
1395,Japan,JPN,2014,109,171,JPN14,1.0,4.0,3.0,8.0
1396,Japan,JPN,2016,335,436,JPN16,12.0,8.0,21.0,41.0
1397,Jordan,JOR,1980,4,6,JOR80,0.0,0.0,0.0,0.0
1398,Jordan,JOR,1984,13,15,JOR84,0.0,0.0,0.0,0.0
1399,Jordan,JOR,1988,7,9,JOR88,0.0,0.0,0.0,0.0
1400,Jordan,JOR,1992,4,5,JOR92,0.0,0.0,0.0,0.0
1401,Jordan,JOR,1996,5,5,JOR96,0.0,0.0,0.0,0.0
1402,Jordan,JOR,2000,8,8,JOR00,0.0,0.0,0.0,0.0
1403,Jordan,JOR,2004,8,8,JOR04,0.0,0.0,0.0,0.0
1404,Jordan,JOR,2008,7,7,JOR08,0.0,0.0,0.0,0.0
1405,Jordan,JOR,2012,9,9,JOR12,0.0,0.0,0.0,0.0
1406,Jordan,JOR,2016,8,8,JOR16,1.0,0.0,0.0,1.0
1407,Kazakhstan,KAZ,1994,29,71,KAZ94,1.0,2.0,0.0,3.0
1408,Kazakhstan,KAZ,1996,96,142,KAZ96,3.0,4.0,4.0,11.0
1409,Kazakhstan,KAZ,1998,60,114,KAZ98,0.0,0.0,2.0,2.0
1410,Kazakhstan,KAZ,2000,130,158,KAZ00,3.0,4.0,0.0,7.0
1411,Kazakhstan,KAZ,2002,50,101,KAZ02,0.0,0.0,0.0,0.0
1412,Kazakhstan,KAZ,2004,114,130,KAZ04,1.0,4.0,3.0,8.0
1413,Kazakhstan,KAZ,2006,55,97,KAZ06,0.0,0.0,0.0,0.0
1414,Kazakhstan,KAZ,2008,130,146,KAZ08,2.0,3.0,4.0,9.0
1415,Kazakhstan,KAZ,2010,37,100,KAZ10,0.0,1.0,0.0,1.0
1416,Kazakhstan,KAZ,2012,113,132,KAZ12,3.0,1.0,7.0,11.0
1417,Kazakhstan,KAZ,2014,50,115,KAZ14,0.0,0.0,1.0,1.0
1418,Kazakhstan,KAZ,2016,101,123,KAZ16,2.0,5.0,10.0,17.0
1419,Kenya,KEN,1956,25,31,KEN56,0.0,0.0,0.0,0.0
1420,Kenya,KEN,1960,27,30,KEN60,0.0,0.0,0.0,0.0
1421,Kenya,KEN,1964,37,41,KEN64,0.0,0.0,1.0,1.0
1422,Kenya,KEN,1968,39,50,KEN68,3.0,4.0,2.0,9.0
1423,Kenya,KEN,1972,57,69,KEN72,2.0,3.0,4.0,9.0
1424,Kenya,KEN,1984,61,67,KEN84,1.0,0.0,2.0,3.0
1425,Kenya,KEN,1988,74,88,KEN88,5.0,2.0,2.0,9.0
1426,Kenya,KEN,1992,49,55,KEN92,2.0,4.0,2.0,8.0
1427,Kenya,KEN,1996,52,54,KEN96,1.0,4.0,3.0,8.0
1428,Kenya,KEN,1998,1,1,KEN98,0.0,0.0,0.0,0.0
1429,Kenya,KEN,2000,56,59,KEN00,2.0,3.0,2.0,7.0
1430,Kenya,KEN,2002,1,2,KEN02,0.0,0.0,0.0,0.0
1431,Kenya,KEN,2004,46,46,KEN04,1.0,4.0,2.0,7.0
1432,Kenya,KEN,2006,1,1,KEN06,0.0,0.0,0.0,0.0
1433,Kenya,KEN,2008,46,47,KEN08,6.0,4.0,6.0,16.0
1434,Kenya,KEN,2012,47,51,KEN12,2.0,4.0,7.0,13.0
1435,Kenya,KEN,2016,79,80,KEN16,6.0,6.0,1.0,13.0
1436,Kosovo,XKX,2016,8,8,XKX16,1.0,0.0,0.0,1.0
1437,Kuwait,KWT,1968,2,2,KWT68,0.0,0.0,0.0,0.0
1438,Kuwait,KWT,1972,4,4,KWT72,0.0,0.0,0.0,0.0
1439,Kuwait,KWT,1976,15,21,KWT76,0.0,0.0,0.0,0.0
1440,Kuwait,KWT,1980,56,67,KWT80,0.0,0.0,0.0,0.0
1441,Kuwait,KWT,1984,23,31,KWT84,0.0,0.0,0.0,0.0
1442,Kuwait,KWT,1988,25,34,KWT88,0.0,0.0,0.0,0.0
1443,Kuwait,KWT,1992,32,37,KWT92,0.0,0.0,0.0,0.0
1444,Kuwait,KWT,1996,25,27,KWT96,0.0,0.0,0.0,0.0
1445,Kuwait,KWT,2000,29,30,KWT00,0.0,0.0,1.0,1.0
1446,Kuwait,KWT,2004,11,11,KWT04,0.0,0.0,0.0,0.0
1447,Kuwait,KWT,2008,8,8,KWT08,0.0,0.0,0.0,0.0
1448,Kuwait,KWT,2012,10,12,KWT12,0.0,0.0,1.0,1.0
1449,Kyrgyzstan,KGZ,1994,1,2,KGZ94,0.0,0.0,0.0,0.0
1450,Kyrgyzstan,KGZ,1996,33,53,KGZ96,0.0,0.0,0.0,0.0
1451,Kyrgyzstan,KGZ,1998,1,2,KGZ98,0.0,0.0,0.0,0.0
1452,Kyrgyzstan,KGZ,2000,48,71,KGZ00,0.0,0.0,1.0,1.0
1453,Kyrgyzstan,KGZ,2002,2,4,KGZ02,0.0,0.0,0.0,0.0
1454,Kyrgyzstan,KGZ,2004,29,32,KGZ04,0.0,0.0,0.0,0.0
1455,Kyrgyzstan,KGZ,2006,1,2,KGZ06,0.0,0.0,0.0,0.0
1456,Kyrgyzstan,KGZ,2008,20,22,KGZ08,0.0,1.0,2.0,3.0
1457,Kyrgyzstan,KGZ,2010,2,3,KGZ10,0.0,0.0,0.0,0.0
1458,Kyrgyzstan,KGZ,2012,14,15,KGZ12,0.0,0.0,0.0,0.0
1459,Kyrgyzstan,KGZ,2014,1,2,KGZ14,0.0,0.0,0.0,0.0
1460,Kyrgyzstan,KGZ,2016,19,19,KGZ16,0.0,0.0,0.0,0.0
1461,Latvia,LVA,1924,38,54,LVA24,0.0,0.0,0.0,0.0
1462,Latvia,LVA,1928,18,27,LVA28,0.0,0.0,0.0,0.0
1463,Latvia,LVA,1932,5,13,LVA32,0.0,1.0,0.0,1.0
1464,Latvia,LVA,1936,55,69,LVA36,0.0,1.0,1.0,2.0
1465,Latvia,LVA,1992,57,78,LVA92,0.0,2.0,1.0,3.0
1466,Latvia,LVA,1994,27,42,LVA94,0.0,0.0,0.0,0.0
1467,Latvia,LVA,1996,47,55,LVA96,0.0,1.0,0.0,1.0
1468,Latvia,LVA,1998,29,49,LVA98,0.0,0.0,0.0,0.0
1469,Latvia,LVA,2000,45,60,LVA00,1.0,1.0,1.0,3.0
1470,Latvia,LVA,2002,47,68,LVA02,0.0,0.0,0.0,0.0
1471,Latvia,LVA,2004,32,45,LVA04,0.0,4.0,0.0,4.0
1472,Latvia,LVA,2006,57,92,LVA06,0.0,0.0,1.0,1.0
1473,Latvia,LVA,2008,47,53,LVA08,1.0,1.0,1.0,3.0
1474,Latvia,LVA,2010,53,81,LVA10,0.0,2.0,0.0,2.0
1475,Latvia,LVA,2012,45,50,LVA12,1.0,0.0,1.0,2.0
1476,Latvia,LVA,2014,56,82,LVA14,1.0,1.0,3.0,5.0
1477,Latvia,LVA,2016,32,33,LVA16,0.0,0.0,0.0,0.0
1478,Lebanon,LBN,1948,10,12,LBN48,0.0,0.0,0.0,0.0
1479,Lebanon,LBN,1952,10,12,LBN52,0.0,1.0,1.0,2.0
1480,Lebanon,LBN,1956,3,8,LBN56,0.0,0.0,0.0,0.0
1481,Lebanon,LBN,1960,21,27,LBN60,0.0,0.0,0.0,0.0
1482,Lebanon,LBN,1964,9,20,LBN64,0.0,0.0,0.0,0.0
1483,Lebanon,LBN,1968,14,21,LBN68,0.0,0.0,0.0,0.0
1484,Lebanon,LBN,1972,20,38,LBN72,0.0,1.0,0.0,1.0
1485,Lebanon,LBN,1976,4,5,LBN76,0.0,0.0,0.0,0.0
1486,Lebanon,LBN,1980,18,26,LBN80,0.0,0.0,1.0,1.0
1487,Lebanon,LBN,1984,26,38,LBN84,0.0,0.0,0.0,0.0
1488,Lebanon,LBN,1988,25,40,LBN88,0.0,0.0,0.0,0.0
1489,Lebanon,LBN,1992,16,26,LBN92,0.0,0.0,0.0,0.0
1490,Lebanon,LBN,1996,1,1,LBN96,0.0,0.0,0.0,0.0
1491,Lebanon,LBN,2000,6,6,LBN00,0.0,0.0,0.0,0.0
1492,Lebanon,LBN,2002,2,3,LBN02,0.0,0.0,0.0,0.0
1493,Lebanon,LBN,2004,5,5,LBN04,0.0,0.0,0.0,0.0
1494,Lebanon,LBN,2006,3,7,LBN06,0.0,0.0,0.0,0.0
1495,Lebanon,LBN,2008,6,6,LBN08,0.0,0.0,0.0,0.0
1496,Lebanon,LBN,2010,3,6,LBN10,0.0,0.0,0.0,0.0
1497,Lebanon,LBN,2012,10,10,LBN12,0.0,0.0,0.0,0.0
1498,Lebanon,LBN,2014,2,3,LBN14,0.0,0.0,0.0,0.0
1499,Lebanon,LBN,2016,9,9,LBN16,0.0,0.0,0.0,0.0
1500,Liechtenstein,LIE,1936,10,12,LIE36,0.0,0.0,0.0,0.0
1501,Liechtenstein,LIE,1948,12,18,LIE48,0.0,0.0,0.0,0.0
1502,Liechtenstein,LIE,1952,2,2,LIE52,0.0,0.0,0.0,0.0
1503,Liechtenstein,LIE,1956,8,14,LIE56,0.0,0.0,0.0,0.0
1504,Liechtenstein,LIE,1960,8,17,LIE60,0.0,0.0,0.0,0.0
1505,Liechtenstein,LIE,1964,8,15,LIE64,0.0,0.0,0.0,0.0
1506,Liechtenstein,LIE,1968,11,20,LIE68,0.0,0.0,0.0,0.0
1507,Liechtenstein,LIE,1972,10,22,LIE72,0.0,0.0,0.0,0.0
1508,Liechtenstein,LIE,1976,15,29,LIE76,0.0,0.0,2.0,2.0
1509,Liechtenstein,LIE,1980,7,17,LIE80,2.0,2.0,0.0,4.0
1510,Liechtenstein,LIE,1984,17,27,LIE84,0.0,0.0,2.0,2.0
1511,Liechtenstein,LIE,1988,25,52,LIE88,0.0,0.0,1.0,1.0
1512,Liechtenstein,LIE,1992,14,26,LIE92,0.0,0.0,0.0,0.0
1513,Liechtenstein,LIE,1994,10,25,LIE94,0.0,0.0,0.0,0.0
1514,Liechtenstein,LIE,1996,2,2,LIE96,0.0,0.0,0.0,0.0
1515,Liechtenstein,LIE,1998,8,19,LIE98,0.0,0.0,0.0,0.0
1516,Liechtenstein,LIE,2000,2,2,LIE00,0.0,0.0,0.0,0.0
1517,Liechtenstein,LIE,2002,8,18,LIE02,0.0,0.0,0.0,0.0
1518,Liechtenstein,LIE,2004,1,1,LIE04,0.0,0.0,0.0,0.0
1519,Liechtenstein,LIE,2006,5,12,LIE06,0.0,0.0,0.0,0.0
1520,Liechtenstein,LIE,2008,2,2,LIE08,0.0,0.0,0.0,0.0
1521,Liechtenstein,LIE,2010,4,5,LIE10,0.0,0.0,0.0,0.0
1522,Liechtenstein,LIE,2012,3,4,LIE12,0.0,0.0,0.0,0.0
1523,Liechtenstein,LIE,2014,3,5,LIE14,0.0,0.0,0.0,0.0
1524,Liechtenstein,LIE,2016,3,3,LIE16,0.0,0.0,0.0,0.0
1525,Lithuania,LTU,1924,13,13,LTU24,0.0,2.0,2.0,4.0
1526,Lithuania,LTU,1928,13,17,LTU28,0.0,0.0,0.0,0.0
1527,Lithuania,LTU,1992,53,67,LTU92,1.0,0.0,1.0,2.0
1528,Lithuania,LTU,1994,6,13,LTU94,0.0,0.0,0.0,0.0
1529,Lithuania,LTU,1996,61,81,LTU96,0.0,0.0,1.0,1.0
1530,Lithuania,LTU,1998,7,18,LTU98,0.0,0.0,0.0,0.0
1531,Lithuania,LTU,2000,61,77,LTU00,2.0,0.0,3.0,5.0
1532,Lithuania,LTU,2002,8,21,LTU02,0.0,0.0,0.0,0.0
1533,Lithuania,LTU,2004,59,70,LTU04,1.0,2.0,0.0,3.0
1534,Lithuania,LTU,2006,7,14,LTU06,0.0,0.0,0.0,0.0
1535,Lithuania,LTU,2008,71,78,LTU08,0.0,3.0,2.0,5.0
1536,Lithuania,LTU,2010,6,13,LTU10,0.0,0.0,0.0,0.0
1537,Lithuania,LTU,2012,62,72,LTU12,2.0,0.0,3.0,5.0
1538,Lithuania,LTU,2014,9,20,LTU14,0.0,0.0,0.0,0.0
1539,Lithuania,LTU,2016,67,80,LTU16,0.0,1.0,3.0,4.0
1540,Luxembourg,LUX,1900,1,1,LUX00,0.0,0.0,0.0,0.0
1541,Luxembourg,LUX,1912,21,44,LUX12,0.0,0.0,0.0,0.0
1542,Luxembourg,LUX,1920,25,35,LUX20,0.0,1.0,0.0,1.0
1543,Luxembourg,LUX,1924,48,122,LUX24,1.0,1.0,0.0,2.0
1544,Luxembourg,LUX,1928,53,112,LUX28,1.0,0.0,0.0,1.0
1545,Luxembourg,LUX,1932,3,11,LUX32,0.0,0.0,0.0,0.0
1546,Luxembourg,LUX,1936,49,129,LUX36,0.0,0.0,0.0,0.0
1547,Luxembourg,LUX,1948,45,115,LUX48,0.0,0.0,0.0,0.0
1548,Luxembourg,LUX,1952,44,101,LUX52,1.0,0.0,0.0,1.0
1549,Luxembourg,LUX,1956,11,27,LUX56,0.0,0.0,0.0,0.0
1550,Luxembourg,LUX,1960,52,117,LUX60,0.0,0.0,0.0,0.0
1551,Luxembourg,LUX,1964,12,27,LUX64,0.0,0.0,0.0,0.0
1552,Luxembourg,LUX,1968,5,7,LUX68,0.0,0.0,0.0,0.0
1553,Luxembourg,LUX,1972,11,15,LUX72,0.0,0.0,0.0,0.0
1554,Luxembourg,LUX,1976,8,9,LUX76,0.0,0.0,0.0,0.0
1555,Luxembourg,LUX,1980,3,4,LUX80,0.0,0.0,0.0,0.0
1556,Luxembourg,LUX,1984,5,5,LUX84,0.0,0.0,0.0,0.0
1557,Luxembourg,LUX,1988,9,14,LUX88,0.0,0.0,0.0,0.0
1558,Luxembourg,LUX,1992,7,13,LUX92,0.0,2.0,0.0,2.0
1559,Luxembourg,LUX,1994,1,5,LUX94,0.0,0.0,0.0,0.0
1560,Luxembourg,LUX,1996,6,7,LUX96,0.0,0.0,0.0,0.0
1561,Luxembourg,LUX,1998,1,1,LUX98,0.0,0.0,0.0,0.0
1562,Luxembourg,LUX,2000,7,9,LUX00,0.0,0.0,0.0,0.0
1563,Luxembourg,LUX,2004,10,14,LUX04,0.0,0.0,0.0,0.0
1564,Luxembourg,LUX,2006,1,1,LUX06,0.0,0.0,0.0,0.0
1565,Luxembourg,LUX,2008,13,19,LUX08,0.0,0.0,0.0,0.0
1566,Luxembourg,LUX,2012,9,11,LUX12,0.0,0.0,0.0,0.0
1567,Luxembourg,LUX,2014,1,1,LUX14,0.0,0.0,0.0,0.0
1568,Luxembourg,LUX,2016,10,15,LUX16,0.0,0.0,0.0,0.0
1569,Macedonia,MKD,1996,11,16,MKD96,0.0,0.0,0.0,0.0
1570,Macedonia,MKD,1998,3,3,MKD98,0.0,0.0,0.0,0.0
1571,Macedonia,MKD,2000,10,15,MKD00,0.0,0.0,1.0,1.0
1572,Macedonia,MKD,2002,2,4,MKD02,0.0,0.0,0.0,0.0
1573,Macedonia,MKD,2004,10,14,MKD04,0.0,0.0,0.0,0.0
1574,Macedonia,MKD,2006,3,5,MKD06,0.0,0.0,0.0,0.0
1575,Macedonia,MKD,2008,7,7,MKD08,0.0,0.0,0.0,0.0
1576,Macedonia,MKD,2010,3,4,MKD10,0.0,0.0,0.0,0.0
1577,Macedonia,MKD,2012,4,4,MKD12,0.0,0.0,0.0,0.0
1578,Macedonia,MKD,2014,3,6,MKD14,0.0,0.0,0.0,0.0
1579,Macedonia,MKD,2016,6,6,MKD16,0.0,0.0,0.0,0.0
1580,Malaysia,MYS,1964,61,81,MYS64,0.0,0.0,0.0,0.0
1581,Malaysia,MYS,1968,31,35,MYS68,0.0,0.0,0.0,0.0
1582,Malaysia,MYS,1972,45,57,MYS72,0.0,0.0,0.0,0.0
1583,Malaysia,MYS,1976,23,25,MYS76,0.0,0.0,0.0,0.0
1584,Malaysia,MYS,1984,21,27,MYS84,0.0,0.0,0.0,0.0
1585,Malaysia,MYS,1988,9,17,MYS88,0.0,0.0,0.0,0.0
1586,Malaysia,MYS,1992,26,30,MYS92,0.0,0.0,1.0,1.0
1587,Malaysia,MYS,1996,35,43,MYS96,0.0,1.0,1.0,2.0
1588,Malaysia,MYS,2000,40,55,MYS00,0.0,0.0,0.0,0.0
1589,Malaysia,MYS,2004,26,38,MYS04,0.0,0.0,0.0,0.0
1590,Malaysia,MYS,2008,32,42,MYS08,0.0,1.0,0.0,1.0
1591,Malaysia,MYS,2012,29,38,MYS12,0.0,1.0,1.0,2.0
1592,Malaysia,MYS,2016,32,42,MYS16,0.0,4.0,1.0,5.0
1593,Mauritius,MUS,1984,4,7,MUS84,0.0,0.0,0.0,0.0
1594,Mauritius,MUS,1988,8,11,MUS88,0.0,0.0,0.0,0.0
1595,Mauritius,MUS,1992,13,22,MUS92,0.0,0.0,0.0,0.0
1596,Mauritius,MUS,1996,26,36,MUS96,0.0,0.0,0.0,0.0
1597,Mauritius,MUS,2000,20,26,MUS00,0.0,0.0,0.0,0.0
1598,Mauritius,MUS,2004,9,9,MUS04,0.0,0.0,0.0,0.0
1599,Mauritius,MUS,2008,11,11,MUS08,0.0,0.0,1.0,1.0
1600,Mauritius,MUS,2012,11,11,MUS12,0.0,0.0,0.0,0.0
1601,Mauritius,MUS,2016,11,11,MUS16,0.0,0.0,0.0,0.0
1602,Mexico,MEX,1924,15,28,MEX24,0.0,3.0,2.0,5.0
1603,Mexico,MEX,1928,35,60,MEX28,0.0,0.0,0.0,0.0
1604,Mexico,MEX,1932,73,100,MEX32,0.0,2.0,0.0,2.0
1605,Mexico,MEX,1936,32,32,MEX36,0.0,0.0,3.0,3.0
1606,Mexico,MEX,1948,88,149,MEX48,2.0,1.0,2.0,5.0
1607,Mexico,MEX,1952,64,85,MEX52,0.0,1.0,0.0,1.0
1608,Mexico,MEX,1956,24,36,MEX56,1.0,0.0,1.0,2.0
1609,Mexico,MEX,1960,69,110,MEX60,0.0,0.0,1.0,1.0
1610,Mexico,MEX,1964,94,128,MEX64,0.0,0.0,1.0,1.0
1611,Mexico,MEX,1968,275,446,MEX68,3.0,3.0,3.0,9.0
1612,Mexico,MEX,1972,174,281,MEX72,0.0,1.0,0.0,1.0
1613,Mexico,MEX,1976,97,137,MEX76,1.0,0.0,1.0,2.0
1614,Mexico,MEX,1980,45,74,MEX80,0.0,1.0,3.0,4.0
1615,Mexico,MEX,1984,100,158,MEX84,2.0,3.0,1.0,6.0
1616,Mexico,MEX,1988,94,165,MEX88,0.0,0.0,2.0,2.0
1617,Mexico,MEX,1992,122,174,MEX92,0.0,1.0,0.0,1.0
1618,Mexico,MEX,1994,1,1,MEX94,0.0,0.0,0.0,0.0
1619,Mexico,MEX,1996,98,111,MEX96,0.0,0.0,1.0,1.0
1620,Mexico,MEX,2000,78,98,MEX00,1.0,2.0,3.0,6.0
1621,Mexico,MEX,2002,3,3,MEX02,0.0,0.0,0.0,0.0
1622,Mexico,MEX,2004,109,137,MEX04,0.0,3.0,1.0,4.0
1623,Mexico,MEX,2008,83,103,MEX08,2.0,0.0,2.0,4.0
1624,Mexico,MEX,2010,1,2,MEX10,0.0,0.0,0.0,0.0
1625,Mexico,MEX,2012,99,119,MEX12,1.0,3.0,4.0,8.0
1626,Mexico,MEX,2014,1,1,MEX14,0.0,0.0,0.0,0.0
1627,Mexico,MEX,2016,123,139,MEX16,0.0,3.0,2.0,5.0
1628,Moldova,MDA,1994,2,4,MDA94,0.0,0.0,0.0,0.0
1629,Moldova,MDA,1996,40,50,MDA96,0.0,1.0,1.0,2.0
1630,Moldova,MDA,1998,2,4,MDA98,0.0,0.0,0.0,0.0
1631,Moldova,MDA,2000,34,35,MDA00,0.0,1.0,1.0,2.0
1632,Moldova,MDA,2002,5,9,MDA02,0.0,0.0,0.0,0.0
1633,Moldova,MDA,2004,33,33,MDA04,0.0,0.0,0.0,0.0
1634,Moldova,MDA,2006,6,10,MDA06,0.0,0.0,0.0,0.0
1635,Moldova,MDA,2008,29,30,MDA08,0.0,0.0,1.0,1.0
1636,Moldova,MDA,2010,7,11,MDA10,0.0,0.0,0.0,0.0
1637,Moldova,MDA,2012,20,20,MDA12,0.0,0.0,0.0,0.0
1638,Moldova,MDA,2014,4,5,MDA14,0.0,0.0,0.0,0.0
1639,Moldova,MDA,2016,23,23,MDA16,0.0,0.0,0.0,0.0
1640,Mongolia,MNG,1964,34,62,MNG64,0.0,0.0,0.0,0.0
1641,Mongolia,MNG,1968,23,48,MNG68,0.0,1.0,3.0,4.0
1642,Mongolia,MNG,1972,43,52,MNG72,0.0,1.0,0.0,1.0
1643,Mongolia,MNG,1976,32,33,MNG76,0.0,1.0,0.0,1.0
1644,Mongolia,MNG,1980,46,67,MNG80,0.0,2.0,2.0,4.0
1645,Mongolia,MNG,1984,4,12,MNG84,0.0,0.0,0.0,0.0
1646,Mongolia,MNG,1988,31,41,MNG88,0.0,0.0,1.0,1.0
1647,Mongolia,MNG,1992,37,49,MNG92,0.0,0.0,2.0,2.0
1648,Mongolia,MNG,1994,1,2,MNG94,0.0,0.0,0.0,0.0
1649,Mongolia,MNG,1996,16,18,MNG96,0.0,0.0,1.0,1.0
1650,Mongolia,MNG,1998,3,3,MNG98,0.0,0.0,0.0,0.0
1651,Mongolia,MNG,2000,20,23,MNG00,0.0,0.0,0.0,0.0
1652,Mongolia,MNG,2002,4,4,MNG02,0.0,0.0,0.0,0.0
1653,Mongolia,MNG,2004,20,21,MNG04,0.0,0.0,1.0,1.0
1654,Mongolia,MNG,2006,2,2,MNG06,0.0,0.0,0.0,0.0
1655,Mongolia,MNG,2008,28,31,MNG08,2.0,2.0,0.0,4.0
1656,Mongolia,MNG,2010,2,2,MNG10,0.0,0.0,0.0,0.0
1657,Mongolia,MNG,2012,29,32,MNG12,0.0,2.0,3.0,5.0
1658,Mongolia,MNG,2014,2,2,MNG14,0.0,0.0,0.0,0.0
1659,Mongolia,MNG,2016,43,46,MNG16,0.0,1.0,1.0,2.0
1660,Montenegro,MNE,2008,19,20,MNE08,0.0,0.0,0.0,0.0
1661,Montenegro,MNE,2010,1,2,MNE10,0.0,0.0,0.0,0.0
1662,Montenegro,MNE,2012,33,34,MNE12,0.0,1.0,0.0,1.0
1663,Montenegro,MNE,2014,2,3,MNE14,0.0,0.0,0.0,0.0
1664,Montenegro,MNE,2016,35,35,MNE16,0.0,0.0,0.0,0.0
1665,Morocco,MAR,1960,47,111,MAR60,0.0,1.0,0.0,1.0
1666,Morocco,MAR,1964,20,21,MAR64,0.0,0.0,0.0,0.0
1667,Morocco,MAR,1968,30,33,MAR68,0.0,0.0,0.0,0.0
1668,Morocco,MAR,1972,35,39,MAR72,0.0,0.0,0.0,0.0
1669,Morocco,MAR,1976,9,9,MAR76,0.0,0.0,0.0,0.0
1670,Morocco,MAR,1984,38,42,MAR84,2.0,0.0,0.0,2.0
1671,Morocco,MAR,1988,30,35,MAR88,1.0,0.0,2.0,3.0
1672,Morocco,MAR,1992,56,68,MAR92,1.0,1.0,1.0,3.0
1673,Morocco,MAR,1996,34,38,MAR96,0.0,0.0,2.0,2.0
1674,Morocco,MAR,2000,55,55,MAR00,0.0,1.0,4.0,5.0
1675,Morocco,MAR,2004,55,57,MAR04,2.0,1.0,0.0,3.0
1676,Morocco,MAR,2008,47,49,MAR08,0.0,1.0,1.0,2.0
1677,Morocco,MAR,2010,1,2,MAR10,0.0,0.0,0.0,0.0
1678,Morocco,MAR,2012,63,67,MAR12,0.0,0.0,1.0,1.0
1679,Morocco,MAR,2014,2,4,MAR14,0.0,0.0,0.0,0.0
1680,Morocco,MAR,2016,48,52,MAR16,0.0,0.0,1.0,1.0
1681,Mozambique,MOZ,1980,14,16,MOZ80,0.0,0.0,0.0,0.0
1682,Mozambique,MOZ,1984,9,14,MOZ84,0.0,0.0,0.0,0.0
1683,Mozambique,MOZ,1988,8,12,MOZ88,0.0,0.0,0.0,0.0
1684,Mozambique,MOZ,1992,6,7,MOZ92,0.0,0.0,0.0,0.0
1685,Mozambique,MOZ,1996,3,3,MOZ96,0.0,0.0,1.0,1.0
1686,Mozambique,MOZ,2000,4,4,MOZ00,1.0,0.0,0.0,1.0
1687,Mozambique,MOZ,2004,4,4,MOZ04,0.0,0.0,0.0,0.0
1688,Mozambique,MOZ,2008,4,4,MOZ08,0.0,0.0,0.0,0.0
1689,Mozambique,MOZ,2012,6,6,MOZ12,0.0,0.0,0.0,0.0
1690,Mozambique,MOZ,2016,6,8,MOZ16,0.0,0.0,0.0,0.0
1691,Namibia,NAM,1992,6,10,NAM92,0.0,2.0,0.0,2.0
1692,Namibia,NAM,1996,8,10,NAM96,0.0,2.0,0.0,2.0
1693,Namibia,NAM,2000,11,16,NAM00,0.0,0.0,0.0,0.0
1694,Namibia,NAM,2004,8,10,NAM04,0.0,0.0,0.0,0.0
1695,Namibia,NAM,2008,10,11,NAM08,0.0,0.0,0.0,0.0
1696,Namibia,NAM,2012,9,9,NAM12,0.0,0.0,0.0,0.0
1697,Namibia,NAM,2016,10,11,NAM16,0.0,0.0,0.0,0.0
1698,Netherlands,NLD,1900,35,73,NLD00,1.0,2.0,3.0,6.0
1699,Netherlands,NLD,1900,35,73,NLD00,12.0,9.0,4.0,25.0
1700,Netherlands,NLD,1906,16,49,NLD06,0.0,1.0,2.0,3.0
1701,Netherlands,NLD,1906,16,49,NLD06,3.0,2.0,4.0,9.0
1702,Netherlands,NLD,1908,113,218,NLD08,0.0,0.0,2.0,2.0
1703,Netherlands,NLD,1908,113,218,NLD08,7.0,5.0,4.0,16.0
1704,Netherlands,NLD,1912,33,45,NLD12,0.0,0.0,3.0,3.0
1705,Netherlands,NLD,1912,33,45,NLD12,6.0,6.0,8.0,20.0
1706,Netherlands,NLD,1920,130,213,NLD20,4.0,2.0,5.0,11.0
1707,Netherlands,NLD,1920,130,213,NLD20,10.0,12.0,14.0,36.0
1708,Netherlands,NLD,1924,177,246,NLD24,4.0,1.0,6.0,11.0
1709,Netherlands,NLD,1924,177,246,NLD24,15.0,7.0,12.0,34.0
1710,Netherlands,NLD,1928,273,395,NLD28,8.0,10.0,5.0,23.0
1711,Netherlands,NLD,1932,46,80,NLD32,2.0,5.0,1.0,8.0
1712,Netherlands,NLD,1936,173,246,NLD36,6.0,4.0,7.0,17.0
1713,Netherlands,NLD,1948,153,202,NLD48,5.0,2.0,9.0,16.0
1714,Netherlands,NLD,1952,115,203,NLD52,0.0,8.0,0.0,8.0
1715,Netherlands,NLD,1956,9,17,NLD56,0.0,0.0,0.0,0.0
1716,Netherlands,NLD,1960,117,173,NLD60,0.0,2.0,3.0,5.0
1717,Netherlands,NLD,1964,131,170,NLD64,3.0,5.0,4.0,12.0
1718,Netherlands,NLD,1968,116,166,NLD68,6.0,6.0,4.0,16.0
1719,Netherlands,NLD,1972,130,225,NLD72,7.0,4.0,3.0,14.0
1720,Netherlands,NLD,1976,115,198,NLD76,1.0,4.0,6.0,11.0
1721,Netherlands,NLD,1980,104,159,NLD80,1.0,3.0,3.0,7.0
1722,Netherlands,NLD,1984,149,214,NLD84,5.0,2.0,6.0,13.0
1723,Netherlands,NLD,1988,158,227,NLD88,5.0,4.0,7.0,16.0
1724,Netherlands,NLD,1992,220,297,NLD92,3.0,7.0,9.0,19.0
1725,Netherlands,NLD,1994,21,43,NLD94,0.0,1.0,3.0,4.0
1726,Netherlands,NLD,1996,239,290,NLD96,4.0,5.0,10.0,19.0
1727,Netherlands,NLD,1998,22,48,NLD98,5.0,4.0,2.0,11.0
1728,Netherlands,NLD,2000,231,285,NLD00,1.0,2.0,3.0,6.0
1729,Netherlands,NLD,2000,231,285,NLD00,12.0,9.0,4.0,25.0
1730,Netherlands,NLD,2002,27,49,NLD02,3.0,5.0,0.0,8.0
1731,Netherlands,NLD,2004,210,264,NLD04,4.0,9.0,9.0,22.0
1732,Netherlands,NLD,2006,33,63,NLD06,0.0,1.0,2.0,3.0
1733,Netherlands,NLD,2006,33,63,NLD06,3.0,2.0,4.0,9.0
1734,Netherlands,NLD,2008,237,283,NLD08,0.0,0.0,2.0,2.0
1735,Netherlands,NLD,2008,237,283,NLD08,7.0,5.0,4.0,16.0
1736,Netherlands,NLD,2010,32,65,NLD10,4.0,1.0,3.0,8.0
1737,Netherlands,NLD,2012,173,222,NLD12,0.0,0.0,3.0,3.0
1738,Netherlands,NLD,2012,173,222,NLD12,6.0,6.0,8.0,20.0
1739,Netherlands,NLD,2014,39,82,NLD14,8.0,7.0,9.0,24.0
1740,Netherlands,NLD,2016,237,329,NLD16,8.0,7.0,4.0,19.0
1741,Netherlands Antilles,CUW,1952,11,11,CUW52,0.0,0.0,0.0,0.0
1742,Netherlands Antilles,CUW,1960,5,5,CUW60,0.0,0.0,0.0,0.0
1743,Netherlands Antilles,CUW,1964,4,4,CUW64,0.0,0.0,0.0,0.0
1744,Netherlands Antilles,CUW,1968,5,5,CUW68,0.0,0.0,0.0,0.0
1745,Netherlands Antilles,CUW,1972,2,2,CUW72,0.0,0.0,0.0,0.0
1746,Netherlands Antilles,CUW,1976,4,4,CUW76,0.0,0.0,0.0,0.0
1747,Netherlands Antilles,CUW,1984,8,13,CUW84,0.0,0.0,0.0,0.0
1748,Netherlands Antilles,CUW,1988,5,7,CUW88,0.0,1.0,0.0,1.0
1749,Netherlands Antilles,CUW,1992,6,6,CUW92,0.0,0.0,0.0,0.0
1750,Netherlands Antilles,CUW,1996,6,7,CUW96,0.0,0.0,0.0,0.0
1751,Netherlands Antilles,CUW,2000,7,8,CUW00,0.0,0.0,0.0,0.0
1752,Netherlands Antilles,CUW,2004,3,3,CUW04,0.0,0.0,0.0,0.0
1753,Netherlands Antilles,CUW,2008,3,4,CUW08,0.0,0.0,0.0,0.0
1754,New Zealand,NZL,1920,4,6,NZL20,0.0,0.0,1.0,1.0
1755,New Zealand,NZL,1920,4,6,NZL20,7.0,6.0,7.0,20.0
1756,New Zealand,NZL,1924,4,6,NZL24,0.0,0.0,1.0,1.0
1757,New Zealand,NZL,1924,4,6,NZL24,10.0,7.0,3.0,20.0
1758,New Zealand,NZL,1928,9,13,NZL28,1.0,0.0,0.0,1.0
1759,New Zealand,NZL,1932,21,29,NZL32,0.0,1.0,0.0,1.0
1760,New Zealand,NZL,1936,7,9,NZL36,1.0,0.0,0.0,1.0
1761,New Zealand,NZL,1948,7,8,NZL48,0.0,0.0,0.0,0.0
1762,New Zealand,NZL,1952,17,26,NZL52,1.0,0.0,2.0,3.0
1763,New Zealand,NZL,1956,51,57,NZL56,2.0,0.0,0.0,2.0
1764,New Zealand,NZL,1960,41,59,NZL60,2.0,0.0,1.0,3.0
1765,New Zealand,NZL,1964,64,88,NZL64,3.0,0.0,2.0,5.0
1766,New Zealand,NZL,1968,58,80,NZL68,1.0,0.0,2.0,3.0
1767,New Zealand,NZL,1972,91,118,NZL72,1.0,1.0,1.0,3.0
1768,New Zealand,NZL,1976,85,111,NZL76,2.0,1.0,1.0,4.0
1769,New Zealand,NZL,1980,9,18,NZL80,0.0,0.0,0.0,0.0
1770,New Zealand,NZL,1984,136,171,NZL84,8.0,1.0,2.0,11.0
1771,New Zealand,NZL,1988,92,131,NZL88,3.0,2.0,8.0,13.0
1772,New Zealand,NZL,1992,140,185,NZL92,1.0,5.0,5.0,11.0
1773,New Zealand,NZL,1994,7,16,NZL94,0.0,0.0,0.0,0.0
1774,New Zealand,NZL,1996,95,129,NZL96,3.0,2.0,1.0,6.0
1775,New Zealand,NZL,1998,8,9,NZL98,0.0,0.0,0.0,0.0
1776,New Zealand,NZL,2000,147,177,NZL00,1.0,0.0,3.0,4.0
1777,New Zealand,NZL,2002,10,16,NZL02,0.0,0.0,0.0,0.0
1778,New Zealand,NZL,2004,148,184,NZL04,3.0,2.0,0.0,5.0
1779,New Zealand,NZL,2006,15,18,NZL06,0.0,0.0,0.0,0.0
1780,New Zealand,NZL,2008,178,201,NZL08,3.0,2.0,4.0,9.0
1781,New Zealand,NZL,2010,16,22,NZL10,0.0,0.0,0.0,0.0
1782,New Zealand,NZL,2012,178,204,NZL12,6.0,2.0,5.0,13.0
1783,New Zealand,NZL,2014,14,18,NZL14,0.0,0.0,0.0,0.0
1784,New Zealand,NZL,2016,195,232,NZL16,4.0,9.0,5.0,18.0
1785,Niger,NER,1964,1,1,NER64,0.0,0.0,0.0,0.0
1786,Niger,NER,1968,2,2,NER68,0.0,0.0,0.0,0.0
1787,Niger,NER,1972,4,4,NER72,0.0,0.0,1.0,1.0
1788,Niger,NER,1984,4,4,NER84,0.0,0.0,0.0,0.0
1789,Niger,NER,1988,6,6,NER88,0.0,0.0,0.0,0.0
1790,Niger,NER,1992,3,3,NER92,0.0,0.0,0.0,0.0
1791,Niger,NER,1996,3,3,NER96,0.0,0.0,0.0,0.0
1792,Niger,NER,2000,4,4,NER00,0.0,0.0,0.0,0.0
1793,Niger,NER,2004,4,4,NER04,0.0,0.0,0.0,0.0
1794,Niger,NER,2008,4,4,NER08,0.0,0.0,0.0,0.0
1795,Niger,NER,2012,6,6,NER12,0.0,0.0,0.0,0.0
1796,Niger,NER,2016,6,6,NER16,0.0,1.0,0.0,1.0
1797,Nigeria,NGA,1952,9,15,NGA52,0.0,0.0,0.0,0.0
1798,Nigeria,NGA,1956,10,14,NGA56,0.0,0.0,0.0,0.0
1799,Nigeria,NGA,1960,12,15,NGA60,0.0,0.0,0.0,0.0
1800,Nigeria,NGA,1964,18,19,NGA64,0.0,0.0,1.0,1.0
1801,Nigeria,NGA,1968,36,46,NGA68,0.0,0.0,0.0,0.0
1802,Nigeria,NGA,1972,25,36,NGA72,0.0,0.0,1.0,1.0
1803,Nigeria,NGA,1980,44,56,NGA80,0.0,0.0,0.0,0.0
1804,Nigeria,NGA,1984,32,36,NGA84,0.0,1.0,1.0,2.0
1805,Nigeria,NGA,1988,69,86,NGA88,0.0,0.0,0.0,0.0
1806,Nigeria,NGA,1992,55,72,NGA92,0.0,3.0,1.0,4.0
1807,Nigeria,NGA,1996,65,84,NGA96,2.0,1.0,3.0,6.0
1808,Nigeria,NGA,2000,83,100,NGA00,1.0,2.0,0.0,3.0
1809,Nigeria,NGA,2004,70,79,NGA04,0.0,0.0,2.0,2.0
1810,Nigeria,NGA,2008,74,89,NGA08,0.0,3.0,2.0,5.0
1811,Nigeria,NGA,2012,49,58,NGA12,0.0,0.0,0.0,0.0
1812,Nigeria,NGA,2016,71,77,NGA16,0.0,0.0,1.0,1.0
1813,North Korea,KOR,1964,13,20,KOR64,0.0,2.0,1.0,3.0
1814,North Korea,KOR,1972,43,93,KOR72,0.0,1.0,0.0,1.0
1815,North Korea,KOR,1976,38,40,KOR76,1.0,1.0,4.0,6.0
1816,North Korea,KOR,1980,47,121,KOR80,0.0,0.0,0.0,0.0
1817,North Korea,KOR,1984,6,17,KOR84,6.0,6.0,7.0,19.0
1818,North Korea,KOR,1988,6,15,KOR88,12.0,10.0,11.0,33.0
1819,North Korea,KOR,1992,84,159,KOR92,14.0,6.0,13.0,33.0
1820,North Korea,KOR,1996,24,36,KOR96,7.0,15.0,5.0,27.0
1821,North Korea,KOR,1998,8,17,KOR98,3.0,1.0,2.0,6.0
1822,North Korea,KOR,2000,31,47,KOR00,8.0,10.0,10.0,28.0
1823,North Korea,KOR,2004,36,71,KOR04,9.0,12.0,9.0,30.0
1824,North Korea,KOR,2006,6,7,KOR06,6.0,3.0,2.0,11.0
1825,North Korea,KOR,2008,58,66,KOR08,13.0,11.0,8.0,32.0
1826,North Korea,KOR,2010,2,3,KOR10,6.0,6.0,2.0,14.0
1827,North Korea,KOR,2012,52,57,KOR12,13.0,9.0,9.0,31.0
1828,North Korea,KOR,2016,31,38,KOR16,9.0,3.0,9.0,21.0
1829,Norway,NOR,1900,7,29,NOR00,0.0,2.0,3.0,5.0
1830,Norway,NOR,1900,7,29,NOR00,4.0,3.0,3.0,10.0
1831,Norway,NOR,1904,3,6,NOR04,5.0,0.0,1.0,6.0
1832,Norway,NOR,1906,32,55,NOR06,1.0,1.0,0.0,2.0
1833,Norway,NOR,1906,32,55,NOR06,2.0,8.0,9.0,19.0
1834,Norway,NOR,1908,69,103,NOR08,2.0,3.0,3.0,8.0
1835,Norway,NOR,1908,69,103,NOR08,3.0,5.0,1.0,9.0
1836,Norway,NOR,1912,190,263,NOR12,3.0,2.0,5.0,10.0
1837,Norway,NOR,1912,190,263,NOR12,2.0,1.0,1.0,4.0
1838,Norway,NOR,1920,193,267,NOR20,13.0,10.0,9.0,32.0
1839,Norway,NOR,1920,193,267,NOR20,4.0,2.0,2.0,8.0
1840,Norway,NOR,1924,76,141,NOR24,9.0,9.0,9.0,27.0
1841,Norway,NOR,1924,76,141,NOR24,4.0,1.0,3.0,8.0
1842,Norway,NOR,1928,77,113,NOR28,7.0,6.0,6.0,19.0
1843,Norway,NOR,1932,26,41,NOR32,3.0,4.0,3.0,10.0
1844,Norway,NOR,1936,101,131,NOR36,8.0,8.0,5.0,21.0
1845,Norway,NOR,1948,130,172,NOR48,5.0,6.0,6.0,17.0
1846,Norway,NOR,1952,175,291,NOR52,10.0,5.0,6.0,21.0
1847,Norway,NOR,1956,67,106,NOR56,3.0,1.0,3.0,7.0
1848,Norway,NOR,1960,69,105,NOR60,4.0,3.0,0.0,7.0
1849,Norway,NOR,1964,84,133,NOR64,3.0,6.0,6.0,15.0
1850,Norway,NOR,1968,111,193,NOR68,7.0,7.0,2.0,16.0
1851,Norway,NOR,1972,179,275,NOR72,4.0,6.0,6.0,16.0
1852,Norway,NOR,1976,107,160,NOR76,4.0,4.0,1.0,9.0
1853,Norway,NOR,1980,63,100,NOR80,1.0,3.0,6.0,10.0
1854,Norway,NOR,1984,161,229,NOR84,3.0,3.0,6.0,12.0
1855,Norway,NOR,1988,132,194,NOR88,2.0,6.0,2.0,10.0
1856,Norway,NOR,1992,162,270,NOR92,11.0,10.0,6.0,27.0
1857,Norway,NOR,1994,87,159,NOR94,10.0,11.0,5.0,26.0
1858,Norway,NOR,1996,97,116,NOR96,2.0,2.0,3.0,7.0
1859,Norway,NOR,1998,75,149,NOR98,10.0,10.0,5.0,25.0
1860,Norway,NOR,2000,93,115,NOR00,0.0,2.0,3.0,5.0
1861,Norway,NOR,2000,93,115,NOR00,4.0,3.0,3.0,10.0
1862,Norway,NOR,2002,77,166,NOR02,13.0,5.0,7.0,25.0
1863,Norway,NOR,2004,52,60,NOR04,5.0,0.0,1.0,6.0
1864,Norway,NOR,2006,67,161,NOR06,1.0,1.0,0.0,2.0
1865,Norway,NOR,2006,67,161,NOR06,2.0,8.0,9.0,19.0
1866,Norway,NOR,2008,84,102,NOR08,2.0,3.0,3.0,8.0
1867,Norway,NOR,2008,84,102,NOR08,3.0,5.0,1.0,9.0
1868,Norway,NOR,2010,95,190,NOR10,9.0,8.0,6.0,23.0
1869,Norway,NOR,2012,61,69,NOR12,3.0,2.0,5.0,10.0
1870,Norway,NOR,2012,61,69,NOR12,2.0,1.0,1.0,4.0
1871,Norway,NOR,2014,110,219,NOR14,11.0,6.0,10.0,27.0
1872,Norway,NOR,2016,62,77,NOR16,0.0,0.0,4.0,4.0
1873,Pakistan,PAK,1948,35,44,PAK48,0.0,0.0,0.0,0.0
1874,Pakistan,PAK,1952,38,51,PAK52,0.0,0.0,0.0,0.0
1875,Pakistan,PAK,1956,55,79,PAK56,0.0,1.0,0.0,1.0
1876,Pakistan,PAK,1960,44,53,PAK60,1.0,0.0,1.0,2.0
1877,Pakistan,PAK,1964,41,47,PAK64,0.0,1.0,0.0,1.0
1878,Pakistan,PAK,1968,15,15,PAK68,1.0,0.0,0.0,1.0
1879,Pakistan,PAK,1972,25,26,PAK72,0.0,1.0,0.0,1.0
1880,Pakistan,PAK,1976,24,24,PAK76,0.0,0.0,1.0,1.0
1881,Pakistan,PAK,1984,31,33,PAK84,1.0,0.0,0.0,1.0
1882,Pakistan,PAK,1988,30,33,PAK88,0.0,0.0,1.0,1.0
1883,Pakistan,PAK,1992,27,28,PAK92,0.0,0.0,1.0,1.0
1884,Pakistan,PAK,1996,24,24,PAK96,0.0,0.0,0.0,0.0
1885,Pakistan,PAK,2000,27,27,PAK00,0.0,0.0,0.0,0.0
1886,Pakistan,PAK,2004,26,26,PAK04,0.0,0.0,0.0,0.0
1887,Pakistan,PAK,2008,21,22,PAK08,0.0,0.0,0.0,0.0
1888,Pakistan,PAK,2010,1,1,PAK10,0.0,0.0,0.0,0.0
1889,Pakistan,PAK,2012,21,21,PAK12,0.0,0.0,0.0,0.0
1890,Pakistan,PAK,2014,1,1,PAK14,0.0,0.0,0.0,0.0
1891,Pakistan,PAK,2016,7,7,PAK16,0.0,0.0,0.0,0.0
1892,Panama,PAN,1928,1,2,PAN28,0.0,0.0,0.0,0.0
1893,Panama,PAN,1948,1,2,PAN48,0.0,0.0,2.0,2.0
1894,Panama,PAN,1952,1,1,PAN52,0.0,0.0,0.0,0.0
1895,Panama,PAN,1960,6,8,PAN60,0.0,0.0,0.0,0.0
1896,Panama,PAN,1964,10,15,PAN64,0.0,0.0,0.0,0.0
1897,Panama,PAN,1968,16,16,PAN68,0.0,0.0,0.0,0.0
1898,Panama,PAN,1972,7,8,PAN72,0.0,0.0,0.0,0.0
1899,Panama,PAN,1976,8,13,PAN76,0.0,0.0,0.0,0.0
1900,Panama,PAN,1984,8,10,PAN84,0.0,0.0,0.0,0.0
1901,Panama,PAN,1988,6,9,PAN88,0.0,0.0,0.0,0.0
1902,Panama,PAN,1992,5,7,PAN92,0.0,0.0,0.0,0.0
1903,Panama,PAN,1996,7,9,PAN96,0.0,0.0,0.0,0.0
1904,Panama,PAN,2000,6,7,PAN00,0.0,0.0,0.0,0.0
1905,Panama,PAN,2004,4,5,PAN04,0.0,0.0,0.0,0.0
1906,Panama,PAN,2008,5,5,PAN08,1.0,0.0,0.0,1.0
1907,Panama,PAN,2012,8,8,PAN12,0.0,0.0,0.0,0.0
1908,Panama,PAN,2016,10,14,PAN16,0.0,0.0,0.0,0.0
1909,Paraguay,PRY,1968,1,1,PRY68,0.0,0.0,0.0,0.0
1910,Paraguay,PRY,1972,3,3,PRY72,0.0,0.0,0.0,0.0
1911,Paraguay,PRY,1976,4,6,PRY76,0.0,0.0,0.0,0.0
1912,Paraguay,PRY,1984,14,18,PRY84,0.0,0.0,0.0,0.0
1913,Paraguay,PRY,1988,10,13,PRY88,0.0,0.0,0.0,0.0
1914,Paraguay,PRY,1992,27,31,PRY92,0.0,0.0,0.0,0.0
1915,Paraguay,PRY,1996,7,7,PRY96,0.0,0.0,0.0,0.0
1916,Paraguay,PRY,2000,5,5,PRY00,0.0,0.0,0.0,0.0
1917,Paraguay,PRY,2004,22,22,PRY04,0.0,1.0,0.0,1.0
1918,Paraguay,PRY,2008,7,7,PRY08,0.0,0.0,0.0,0.0
1919,Paraguay,PRY,2012,8,10,PRY12,0.0,0.0,0.0,0.0
1920,Paraguay,PRY,2014,1,1,PRY14,0.0,0.0,0.0,0.0
1921,Paraguay,PRY,2016,11,11,PRY16,0.0,0.0,0.0,0.0
1922,Peru,PER,1900,1,2,PER00,0.0,0.0,0.0,0.0
1923,Peru,PER,1932,2,3,PER32,0.0,0.0,0.0,0.0
1924,Peru,PER,1936,40,46,PER36,0.0,0.0,0.0,0.0
1925,Peru,PER,1948,41,49,PER48,1.0,0.0,0.0,1.0
1926,Peru,PER,1956,8,10,PER56,0.0,0.0,0.0,0.0
1927,Peru,PER,1960,31,33,PER60,0.0,0.0,0.0,0.0
1928,Peru,PER,1964,31,40,PER64,0.0,0.0,0.0,0.0
1929,Peru,PER,1968,28,33,PER68,0.0,0.0,0.0,0.0
1930,Peru,PER,1972,20,31,PER72,0.0,0.0,0.0,0.0
1931,Peru,PER,1976,13,14,PER76,0.0,0.0,0.0,0.0
1932,Peru,PER,1980,28,38,PER80,0.0,0.0,0.0,0.0
1933,Peru,PER,1984,35,44,PER84,0.0,1.0,0.0,1.0
1934,Peru,PER,1988,21,26,PER88,0.0,1.0,0.0,1.0
1935,Peru,PER,1992,16,21,PER92,0.0,1.0,0.0,1.0
1936,Peru,PER,1996,29,33,PER96,0.0,0.0,0.0,0.0
1937,Peru,PER,2000,21,22,PER00,0.0,0.0,0.0,0.0
1938,Peru,PER,2004,12,14,PER04,0.0,0.0,0.0,0.0
1939,Peru,PER,2008,13,13,PER08,0.0,0.0,0.0,0.0
1940,Peru,PER,2010,3,5,PER10,0.0,0.0,0.0,0.0
1941,Peru,PER,2012,16,16,PER12,0.0,0.0,0.0,0.0
1942,Peru,PER,2014,3,5,PER14,0.0,0.0,0.0,0.0
1943,Peru,PER,2016,29,34,PER16,0.0,0.0,0.0,0.0
1944,Philippines,PHL,1924,1,2,PHL24,2.0,0.0,2.0,4.0
1945,Philippines,PHL,1928,4,6,PHL28,0.0,0.0,1.0,1.0
1946,Philippines,PHL,1932,8,8,PHL32,0.0,0.0,3.0,3.0
1947,Philippines,PHL,1936,28,40,PHL36,0.0,0.0,1.0,1.0
1948,Philippines,PHL,1948,26,31,PHL48,0.0,0.0,0.0,0.0
1949,Philippines,PHL,1952,25,28,PHL52,0.0,0.0,0.0,0.0
1950,Philippines,PHL,1956,39,48,PHL56,0.0,0.0,0.0,0.0
1951,Philippines,PHL,1960,40,49,PHL60,0.0,0.0,0.0,0.0
1952,Philippines,PHL,1964,47,70,PHL64,0.0,1.0,0.0,1.0
1953,Philippines,PHL,1968,49,89,PHL68,0.0,0.0,0.0,0.0
1954,Philippines,PHL,1972,55,83,PHL72,0.0,0.0,0.0,0.0
1955,Philippines,PHL,1976,14,22,PHL76,0.0,0.0,0.0,0.0
1956,Philippines,PHL,1984,19,32,PHL84,0.0,0.0,0.0,0.0
1957,Philippines,PHL,1988,32,43,PHL88,0.0,0.0,1.0,1.0
1958,Philippines,PHL,1992,27,40,PHL92,0.0,0.0,1.0,1.0
1959,Philippines,PHL,1996,12,18,PHL96,0.0,1.0,0.0,1.0
1960,Philippines,PHL,2000,20,22,PHL00,0.0,0.0,0.0,0.0
1961,Philippines,PHL,2004,16,21,PHL04,0.0,0.0,0.0,0.0
1962,Philippines,PHL,2008,15,17,PHL08,0.0,0.0,0.0,0.0
1963,Philippines,PHL,2012,11,11,PHL12,0.0,0.0,0.0,0.0
1964,Philippines,PHL,2014,1,1,PHL14,0.0,0.0,0.0,0.0
1965,Philippines,PHL,2016,13,13,PHL16,0.0,1.0,0.0,1.0
1966,Poland,POL,1912,1,1,POL12,3.0,2.0,6.0,11.0
1967,Poland,POL,1924,72,115,POL24,0.0,1.0,1.0,2.0
1968,Poland,POL,1924,72,115,POL24,1.0,4.0,5.0,10.0
1969,Poland,POL,1928,117,174,POL28,2.0,1.0,4.0,7.0
1970,Poland,POL,1932,66,93,POL32,3.0,2.0,4.0,9.0
1971,Poland,POL,1936,164,209,POL36,0.0,4.0,5.0,9.0
1972,Poland,POL,1948,67,96,POL48,1.0,0.0,1.0,2.0
1973,Poland,POL,1952,155,290,POL52,1.0,2.0,1.0,4.0
1974,Poland,POL,1956,115,192,POL56,1.0,4.0,5.0,10.0
1975,Poland,POL,1960,198,335,POL60,4.0,7.0,12.0,23.0
1976,Poland,POL,1964,191,326,POL64,7.0,6.0,10.0,23.0
1977,Poland,POL,1968,208,348,POL68,5.0,2.0,11.0,18.0
1978,Poland,POL,1972,337,484,POL72,8.0,5.0,9.0,22.0
1979,Poland,POL,1976,263,379,POL76,7.0,6.0,13.0,26.0
1980,Poland,POL,1980,336,457,POL80,3.0,14.0,15.0,32.0
1981,Poland,POL,1984,30,42,POL84,0.0,0.0,0.0,0.0
1982,Poland,POL,1988,175,235,POL88,2.0,5.0,9.0,16.0
1983,Poland,POL,1992,254,361,POL92,3.0,6.0,10.0,19.0
1984,Poland,POL,1994,28,59,POL94,0.0,0.0,0.0,0.0
1985,Poland,POL,1996,165,207,POL96,7.0,5.0,5.0,17.0
1986,Poland,POL,1998,39,79,POL98,0.0,0.0,0.0,0.0
1987,Poland,POL,2000,187,240,POL00,6.0,5.0,3.0,14.0
1988,Poland,POL,2002,27,54,POL02,0.0,1.0,1.0,2.0
1989,Poland,POL,2004,194,224,POL04,3.0,2.0,5.0,10.0
1990,Poland,POL,2006,45,91,POL06,0.0,1.0,1.0,2.0
1991,Poland,POL,2008,257,316,POL08,4.0,5.0,2.0,11.0
1992,Poland,POL,2010,46,106,POL10,1.0,3.0,2.0,6.0
1993,Poland,POL,2012,210,256,POL12,3.0,2.0,6.0,11.0
1994,Poland,POL,2014,58,149,POL14,4.0,1.0,1.0,6.0
1995,Poland,POL,2016,234,289,POL16,2.0,3.0,6.0,11.0
1996,Portugal,PRT,1912,6,8,PRT12,0.0,1.0,0.0,1.0
1997,Portugal,PRT,1920,13,40,PRT20,1.0,1.0,2.0,4.0
1998,Portugal,PRT,1924,28,47,PRT24,0.0,0.0,1.0,1.0
1999,Portugal,PRT,1924,28,47,PRT24,1.0,2.0,1.0,4.0
2000,Portugal,PRT,1928,32,39,PRT28,0.0,0.0,1.0,1.0
2001,Portugal,PRT,1932,6,8,PRT32,0.0,0.0,0.0,0.0
2002,Portugal,PRT,1936,19,26,PRT36,0.0,0.0,1.0,1.0
2003,Portugal,PRT,1948,48,65,PRT48,0.0,1.0,1.0,2.0
2004,Portugal,PRT,1952,72,156,PRT52,0.0,0.0,1.0,1.0
2005,Portugal,PRT,1956,12,18,PRT56,0.0,0.0,0.0,0.0
2006,Portugal,PRT,1960,65,109,PRT60,0.0,1.0,0.0,1.0
2007,Portugal,PRT,1964,20,25,PRT64,0.0,0.0,0.0,0.0
2008,Portugal,PRT,1968,20,33,PRT68,0.0,0.0,0.0,0.0
2009,Portugal,PRT,1972,29,41,PRT72,0.0,0.0,0.0,0.0
2010,Portugal,PRT,1976,19,36,PRT76,0.0,2.0,0.0,2.0
2011,Portugal,PRT,1980,11,18,PRT80,0.0,0.0,0.0,0.0
2012,Portugal,PRT,1984,38,48,PRT84,1.0,0.0,2.0,3.0
2013,Portugal,PRT,1988,70,99,PRT88,1.0,0.0,0.0,1.0
2014,Portugal,PRT,1992,90,115,PRT92,0.0,0.0,0.0,0.0
2015,Portugal,PRT,1994,1,4,PRT94,0.0,0.0,0.0,0.0
2016,Portugal,PRT,1996,107,131,PRT96,1.0,0.0,1.0,2.0
2017,Portugal,PRT,1998,2,2,PRT98,0.0,0.0,0.0,0.0
2018,Portugal,PRT,2000,61,64,PRT00,0.0,0.0,2.0,2.0
2019,Portugal,PRT,2004,81,93,PRT04,0.0,2.0,1.0,3.0
2020,Portugal,PRT,2006,1,1,PRT06,0.0,0.0,0.0,0.0
2021,Portugal,PRT,2008,77,87,PRT08,1.0,1.0,0.0,2.0
2022,Portugal,PRT,2010,1,1,PRT10,0.0,0.0,0.0,0.0
2023,Portugal,PRT,2012,76,98,PRT12,0.0,1.0,0.0,1.0
2024,Portugal,PRT,2014,2,4,PRT14,0.0,0.0,0.0,0.0
2025,Portugal,PRT,2016,90,106,PRT16,0.0,0.0,1.0,1.0
2026,Puerto Rico,PRI,1948,9,9,PRI48,0.0,0.0,1.0,1.0
2027,Puerto Rico,PRI,1952,21,23,PRI52,0.0,0.0,0.0,0.0
2028,Puerto Rico,PRI,1956,10,14,PRI56,0.0,0.0,0.0,0.0
2029,Puerto Rico,PRI,1960,27,29,PRI60,0.0,0.0,0.0,0.0
2030,Puerto Rico,PRI,1964,32,45,PRI64,0.0,0.0,0.0,0.0
2031,Puerto Rico,PRI,1968,58,99,PRI68,0.0,0.0,0.0,0.0
2032,Puerto Rico,PRI,1972,53,60,PRI72,0.0,0.0,0.0,0.0
2033,Puerto Rico,PRI,1976,80,112,PRI76,0.0,0.0,1.0,1.0
2034,Puerto Rico,PRI,1980,3,3,PRI80,0.0,0.0,0.0,0.0
2035,Puerto Rico,PRI,1984,52,59,PRI84,0.0,1.0,1.0,2.0
2036,Puerto Rico,PRI,1988,56,73,PRI88,0.0,0.0,0.0,0.0
2037,Puerto Rico,PRI,1992,77,107,PRI92,0.0,0.0,1.0,1.0
2038,Puerto Rico,PRI,1994,5,6,PRI94,0.0,0.0,0.0,0.0
2039,Puerto Rico,PRI,1996,69,91,PRI96,0.0,0.0,1.0,1.0
2040,Puerto Rico,PRI,1998,6,7,PRI98,0.0,0.0,0.0,0.0
2041,Puerto Rico,PRI,2000,29,38,PRI00,0.0,0.0,0.0,0.0
2042,Puerto Rico,PRI,2004,43,52,PRI04,0.0,0.0,0.0,0.0
2043,Puerto Rico,PRI,2008,22,31,PRI08,0.0,0.0,0.0,0.0
2044,Puerto Rico,PRI,2012,25,28,PRI12,0.0,1.0,1.0,2.0
2045,Puerto Rico,PRI,2016,40,41,PRI16,1.0,0.0,0.0,1.0
2046,Qatar,QAT,1984,24,26,QAT84,0.0,0.0,0.0,0.0
2047,Qatar,QAT,1988,10,13,QAT88,0.0,0.0,0.0,0.0
2048,Qatar,QAT,1992,28,30,QAT92,0.0,0.0,1.0,1.0
2049,Qatar,QAT,1996,12,13,QAT96,0.0,0.0,0.0,0.0
2050,Qatar,QAT,2000,17,19,QAT00,0.0,0.0,1.0,1.0
2051,Qatar,QAT,2004,15,15,QAT04,0.0,0.0,0.0,0.0
2052,Qatar,QAT,2008,20,20,QAT08,0.0,0.0,0.0,0.0
2053,Qatar,QAT,2012,12,14,QAT12,0.0,1.0,1.0,2.0
2054,Qatar,QAT,2016,37,42,QAT16,0.0,1.0,0.0,1.0
2055,Romania,ROU,1900,1,1,ROU00,11.0,6.0,9.0,26.0
2056,Romania,ROU,1924,35,45,ROU24,0.0,0.0,1.0,1.0
2057,Romania,ROU,1924,35,45,ROU24,3.0,4.0,2.0,9.0
2058,Romania,ROU,1928,21,33,ROU28,0.0,0.0,0.0,0.0
2059,Romania,ROU,1932,5,8,ROU32,0.0,0.0,0.0,0.0
2060,Romania,ROU,1936,69,140,ROU36,0.0,1.0,0.0,1.0
2061,Romania,ROU,1948,7,14,ROU48,0.0,0.0,0.0,0.0
2062,Romania,ROU,1952,130,266,ROU52,1.0,1.0,2.0,4.0
2063,Romania,ROU,1956,69,138,ROU56,5.0,3.0,5.0,13.0
2064,Romania,ROU,1960,98,156,ROU60,3.0,1.0,6.0,10.0
2065,Romania,ROU,1964,165,263,ROU64,2.0,4.0,6.0,12.0
2066,Romania,ROU,1968,112,141,ROU68,4.0,6.0,6.0,16.0
2067,Romania,ROU,1972,172,281,ROU72,3.0,6.0,7.0,16.0
2068,Romania,ROU,1976,189,298,ROU76,4.0,9.0,14.0,27.0
2069,Romania,ROU,1980,263,381,ROU80,6.0,6.0,13.0,25.0
2070,Romania,ROU,1984,143,228,ROU84,20.0,16.0,17.0,53.0
2071,Romania,ROU,1988,79,197,ROU88,7.0,11.0,6.0,24.0
2072,Romania,ROU,1992,196,368,ROU92,4.0,6.0,8.0,18.0
2073,Romania,ROU,1994,23,48,ROU94,0.0,0.0,0.0,0.0
2074,Romania,ROU,1996,165,284,ROU96,4.0,7.0,9.0,20.0
2075,Romania,ROU,1998,16,29,ROU98,0.0,0.0,0.0,0.0
2076,Romania,ROU,2000,145,252,ROU00,11.0,6.0,9.0,26.0
2077,Romania,ROU,2002,21,41,ROU02,0.0,0.0,0.0,0.0
2078,Romania,ROU,2004,108,193,ROU04,8.0,5.0,6.0,19.0
2079,Romania,ROU,2006,25,53,ROU06,0.0,0.0,0.0,0.0
2080,Romania,ROU,2008,101,172,ROU08,4.0,1.0,4.0,9.0
2081,Romania,ROU,2010,28,49,ROU10,0.0,0.0,0.0,0.0
2082,Romania,ROU,2012,105,155,ROU12,2.0,4.0,1.0,7.0
2083,Romania,ROU,2014,22,40,ROU14,0.0,0.0,0.0,0.0
2084,Romania,ROU,2016,95,121,ROU16,1.0,1.0,2.0,4.0
2085,Russia,RUS,1900,4,5,RUS00,32.0,28.0,29.0,89.0
2086,Russia,RUS,1908,6,7,RUS08,1.0,2.0,0.0,3.0
2087,Russia,RUS,1908,6,7,RUS08,24.0,13.0,23.0,60.0
2088,Russia,RUS,1912,159,266,RUS12,0.0,2.0,3.0,5.0
2089,Russia,RUS,1912,159,266,RUS12,18.0,19.0,26.0,63.0
2090,Russia,RUS,1924,3,3,RUS24,0.0,0.0,0.0,0.0
2091,Russia,RUS,1994,113,208,RUS94,11.0,8.0,4.0,23.0
2092,Russia,RUS,1996,390,552,RUS96,26.0,21.0,16.0,63.0
2093,Russia,RUS,1998,122,197,RUS98,9.0,6.0,3.0,18.0
2094,Russia,RUS,2000,435,602,RUS00,32.0,28.0,29.0,89.0
2095,Russia,RUS,2002,151,240,RUS02,5.0,4.0,4.0,13.0
2096,Russia,RUS,2004,446,593,RUS04,28.0,26.0,36.0,90.0
2097,Russia,RUS,2006,174,283,RUS06,8.0,6.0,8.0,22.0
2098,Russia,RUS,2008,454,600,RUS08,1.0,2.0,0.0,3.0
2099,Russia,RUS,2008,454,600,RUS08,24.0,13.0,23.0,60.0
2100,Russia,RUS,2010,175,279,RUS10,2.0,5.0,6.0,13.0
2101,Russia,RUS,2012,429,549,RUS12,0.0,2.0,3.0,5.0
2102,Russia,RUS,2012,429,549,RUS12,18.0,19.0,26.0,63.0
2103,Russia,RUS,2014,213,353,RUS14,10.0,10.0,9.0,29.0
2104,Russia,RUS,2016,284,406,RUS16,19.0,17.0,20.0,56.0
2105,Saint Lucia,LCA,1996,6,8,LCA96,0.0,0.0,0.0,0.0
2106,Saint Lucia,LCA,2000,5,5,LCA00,0.0,0.0,0.0,0.0
2107,Saint Lucia,LCA,2004,2,2,LCA04,0.0,0.0,0.0,0.0
2108,Saint Lucia,LCA,2008,4,4,LCA08,0.0,0.0,0.0,0.0
2109,Saint Lucia,LCA,2012,4,4,LCA12,0.0,0.0,0.0,0.0
2110,Saint Lucia,LCA,2016,5,5,LCA16,0.0,0.0,0.0,0.0
2111,Samoa,WSM,1984,8,9,WSM84,0.0,0.0,0.0,0.0
2112,Samoa,WSM,1988,11,11,WSM88,0.0,0.0,0.0,0.0
2113,Samoa,WSM,1992,5,5,WSM92,0.0,0.0,0.0,0.0
2114,Samoa,WSM,1996,5,5,WSM96,0.0,0.0,0.0,0.0
2115,Samoa,WSM,2000,5,5,WSM00,0.0,0.0,0.0,0.0
2116,Samoa,WSM,2004,3,3,WSM04,0.0,0.0,0.0,0.0
2117,Samoa,WSM,2008,6,7,WSM08,0.0,1.0,0.0,1.0
2118,Samoa,WSM,2012,8,9,WSM12,0.0,0.0,0.0,0.0
2119,Samoa,WSM,2016,8,9,WSM16,0.0,0.0,0.0,0.0
2120,San Marino,SMR,1960,9,13,SMR60,0.0,0.0,0.0,0.0
2121,San Marino,SMR,1968,4,4,SMR68,0.0,0.0,0.0,0.0
2122,San Marino,SMR,1972,7,7,SMR72,0.0,0.0,0.0,0.0
2123,San Marino,SMR,1976,12,13,SMR76,0.0,0.0,0.0,0.0
2124,San Marino,SMR,1980,16,16,SMR80,0.0,0.0,0.0,0.0
2125,San Marino,SMR,1984,22,37,SMR84,0.0,0.0,0.0,0.0
2126,San Marino,SMR,1988,16,27,SMR88,0.0,0.0,0.0,0.0
2127,San Marino,SMR,1992,20,28,SMR92,0.0,0.0,0.0,0.0
2128,San Marino,SMR,1994,3,3,SMR94,0.0,0.0,0.0,0.0
2129,San Marino,SMR,1996,7,7,SMR96,0.0,0.0,0.0,0.0
2130,San Marino,SMR,2000,4,4,SMR00,0.0,0.0,0.0,0.0
2131,San Marino,SMR,2002,1,1,SMR02,0.0,0.0,0.0,0.0
2132,San Marino,SMR,2004,5,5,SMR04,0.0,0.0,0.0,0.0
2133,San Marino,SMR,2006,1,1,SMR06,0.0,0.0,0.0,0.0
2134,San Marino,SMR,2008,4,4,SMR08,0.0,0.0,0.0,0.0
2135,San Marino,SMR,2010,1,1,SMR10,0.0,0.0,0.0,0.0
2136,San Marino,SMR,2012,4,4,SMR12,0.0,0.0,0.0,0.0
2137,San Marino,SMR,2014,2,2,SMR14,0.0,0.0,0.0,0.0
2138,San Marino,SMR,2016,4,4,SMR16,0.0,0.0,0.0,0.0
2139,Saudi Arabia,SAU,1972,10,14,SAU72,0.0,0.0,0.0,0.0
2140,Saudi Arabia,SAU,1976,14,19,SAU76,0.0,0.0,0.0,0.0
2141,Saudi Arabia,SAU,1984,37,42,SAU84,0.0,0.0,0.0,0.0
2142,Saudi Arabia,SAU,1988,9,13,SAU88,0.0,0.0,0.0,0.0
2143,Saudi Arabia,SAU,1992,9,17,SAU92,0.0,0.0,0.0,0.0
2144,Saudi Arabia,SAU,1996,29,34,SAU96,0.0,0.0,0.0,0.0
2145,Saudi Arabia,SAU,2000,18,23,SAU00,0.0,1.0,1.0,2.0
2146,Saudi Arabia,SAU,2004,16,16,SAU04,0.0,0.0,0.0,0.0
2147,Saudi Arabia,SAU,2008,14,18,SAU08,0.0,0.0,0.0,0.0
2148,Saudi Arabia,SAU,2012,18,23,SAU12,0.0,0.0,1.0,1.0
2149,Saudi Arabia,SAU,2016,10,11,SAU16,0.0,0.0,0.0,0.0
2150,Senegal,SEN,1964,12,14,SEN64,0.0,0.0,0.0,0.0
2151,Senegal,SEN,1968,21,24,SEN68,0.0,0.0,0.0,0.0
2152,Senegal,SEN,1972,38,40,SEN72,0.0,0.0,0.0,0.0
2153,Senegal,SEN,1976,21,33,SEN76,0.0,0.0,0.0,0.0
2154,Senegal,SEN,1980,32,39,SEN80,0.0,0.0,0.0,0.0
2155,Senegal,SEN,1984,25,31,SEN84,0.0,0.0,0.0,0.0
2156,Senegal,SEN,1988,23,35,SEN88,0.0,1.0,0.0,1.0
2157,Senegal,SEN,1992,22,35,SEN92,0.0,0.0,0.0,0.0
2158,Senegal,SEN,1994,1,1,SEN94,0.0,0.0,0.0,0.0
2159,Senegal,SEN,1996,11,12,SEN96,0.0,0.0,0.0,0.0
2160,Senegal,SEN,2000,26,32,SEN00,0.0,0.0,0.0,0.0
2161,Senegal,SEN,2004,15,21,SEN04,0.0,0.0,0.0,0.0
2162,Senegal,SEN,2006,1,3,SEN06,0.0,0.0,0.0,0.0
2163,Senegal,SEN,2008,15,17,SEN08,0.0,0.0,0.0,0.0
2164,Senegal,SEN,2010,1,2,SEN10,0.0,0.0,0.0,0.0
2165,Senegal,SEN,2012,31,32,SEN12,0.0,0.0,0.0,0.0
2166,Senegal,SEN,2016,22,22,SEN16,0.0,0.0,0.0,0.0
2167,Serbia,SRB,1912,2,2,SRB12,1.0,1.0,2.0,4.0
2168,Serbia,SRB,2008,87,97,SRB08,0.0,1.0,2.0,3.0
2169,Serbia,SRB,2010,10,15,SRB10,0.0,0.0,0.0,0.0
2170,Serbia,SRB,2012,116,134,SRB12,1.0,1.0,2.0,4.0
2171,Serbia,SRB,2014,8,17,SRB14,0.0,0.0,0.0,0.0
2172,Serbia,SRB,2016,103,127,SRB16,2.0,4.0,2.0,8.0
2173,Serbia and Montenegro,SRBMNE,1996,68,79,SRBMNE96,1.0,1.0,2.0,4.0
2174,Serbia and Montenegro,SRBMNE,1998,2,2,SRBMNE98,0.0,0.0,0.0,0.0
2175,Serbia and Montenegro,SRBMNE,2000,109,125,SRBMNE00,1.0,1.0,1.0,3.0
2176,Serbia and Montenegro,SRBMNE,2002,6,8,SRBMNE02,0.0,0.0,0.0,0.0
2177,Serbia and Montenegro,SRBMNE,2004,85,96,SRBMNE04,0.0,2.0,0.0,2.0
2178,Serbia and Montenegro,SRBMNE,2006,6,11,SRBMNE06,0.0,0.0,0.0,0.0
2179,Singapore,SGP,1948,1,1,SGP48,0.0,0.0,0.0,0.0
2180,Singapore,SGP,1952,5,7,SGP52,0.0,0.0,0.0,0.0
2181,Singapore,SGP,1956,49,52,SGP56,0.0,0.0,0.0,0.0
2182,Singapore,SGP,1968,4,6,SGP68,0.0,0.0,0.0,0.0
2183,Singapore,SGP,1972,7,12,SGP72,0.0,0.0,0.0,0.0
2184,Singapore,SGP,1976,4,4,SGP76,0.0,0.0,0.0,0.0
2185,Singapore,SGP,1984,5,14,SGP84,0.0,0.0,0.0,0.0
2186,Singapore,SGP,1988,8,27,SGP88,0.0,0.0,0.0,0.0
2187,Singapore,SGP,1992,14,37,SGP92,0.0,0.0,0.0,0.0
2188,Singapore,SGP,1996,14,35,SGP96,0.0,0.0,0.0,0.0
2189,Singapore,SGP,2000,14,23,SGP00,0.0,0.0,0.0,0.0
2190,Singapore,SGP,2004,16,22,SGP04,0.0,0.0,0.0,0.0
2191,Singapore,SGP,2008,25,36,SGP08,0.0,1.0,0.0,1.0
2192,Singapore,SGP,2012,23,36,SGP12,0.0,0.0,2.0,2.0
2193,Singapore,SGP,2016,25,32,SGP16,1.0,0.0,0.0,1.0
2194,Slovakia,SVK,1994,42,67,SVK94,0.0,0.0,0.0,0.0
2195,Slovakia,SVK,1996,71,98,SVK96,1.0,1.0,1.0,3.0
2196,Slovakia,SVK,1998,37,64,SVK98,0.0,0.0,0.0,0.0
2197,Slovakia,SVK,2000,108,132,SVK00,1.0,3.0,1.0,5.0
2198,Slovakia,SVK,2002,49,79,SVK02,0.0,0.0,0.0,0.0
2199,Slovakia,SVK,2004,64,84,SVK04,2.0,2.0,2.0,6.0
2200,Slovakia,SVK,2006,58,114,SVK06,0.0,1.0,0.0,1.0
2201,Slovakia,SVK,2008,57,67,SVK08,3.0,3.0,0.0,6.0
2202,Slovakia,SVK,2010,68,107,SVK10,1.0,2.0,0.0,3.0
2203,Slovakia,SVK,2012,47,65,SVK12,0.0,1.0,3.0,4.0
2204,Slovakia,SVK,2014,62,115,SVK14,1.0,0.0,0.0,1.0
2205,Slovakia,SVK,2016,51,63,SVK16,2.0,2.0,0.0,4.0
2206,Slovenia,SVN,1992,62,108,SVN92,0.0,0.0,2.0,2.0
2207,Slovenia,SVN,1994,22,59,SVN94,0.0,0.0,3.0,3.0
2208,Slovenia,SVN,1996,37,47,SVN96,0.0,2.0,0.0,2.0
2209,Slovenia,SVN,1998,34,69,SVN98,0.0,0.0,0.0,0.0
2210,Slovenia,SVN,2000,74,90,SVN00,2.0,0.0,0.0,2.0
2211,Slovenia,SVN,2002,40,96,SVN02,0.0,0.0,1.0,1.0
2212,Slovenia,SVN,2004,79,102,SVN04,0.0,1.0,3.0,4.0
2213,Slovenia,SVN,2006,36,96,SVN06,0.0,0.0,0.0,0.0
2214,Slovenia,SVN,2008,61,73,SVN08,1.0,2.0,2.0,5.0
2215,Slovenia,SVN,2010,47,107,SVN10,0.0,2.0,1.0,3.0
2216,Slovenia,SVN,2012,65,78,SVN12,1.0,1.0,2.0,4.0
2217,Slovenia,SVN,2014,58,116,SVN14,2.0,2.0,4.0,8.0
2218,Slovenia,SVN,2016,63,70,SVN16,1.0,2.0,1.0,4.0
2219,South Africa,ZAF,1908,14,33,ZAF08,1.0,1.0,0.0,2.0
2220,South Africa,ZAF,1908,14,33,ZAF08,0.0,1.0,0.0,1.0
2221,South Africa,ZAF,1912,21,56,ZAF12,4.0,2.0,0.0,6.0
2222,South Africa,ZAF,1912,21,56,ZAF12,4.0,1.0,1.0,6.0
2223,South Africa,ZAF,1920,39,97,ZAF20,3.0,4.0,3.0,10.0
2224,South Africa,ZAF,1920,39,97,ZAF20,1.0,2.0,0.0,3.0
2225,South Africa,ZAF,1924,30,44,ZAF24,1.0,1.0,1.0,3.0
2226,South Africa,ZAF,1924,30,44,ZAF24,1.0,3.0,2.0,6.0
2227,South Africa,ZAF,1928,24,40,ZAF28,1.0,0.0,2.0,3.0
2228,South Africa,ZAF,1932,12,20,ZAF32,2.0,0.0,3.0,5.0
2229,South Africa,ZAF,1936,32,54,ZAF36,0.0,1.0,0.0,1.0
2230,South Africa,ZAF,1948,35,43,ZAF48,2.0,2.0,2.0,6.0
2231,South Africa,ZAF,1952,64,109,ZAF52,2.0,4.0,4.0,10.0
2232,South Africa,ZAF,1956,50,90,ZAF56,0.0,0.0,4.0,4.0
2233,South Africa,ZAF,1960,59,76,ZAF60,0.0,1.0,2.0,3.0
2234,South Africa,ZAF,1992,93,141,ZAF92,0.0,2.0,0.0,2.0
2235,South Africa,ZAF,1994,2,3,ZAF94,0.0,0.0,0.0,0.0
2236,South Africa,ZAF,1996,84,111,ZAF96,3.0,1.0,1.0,5.0
2237,South Africa,ZAF,1998,2,3,ZAF98,0.0,0.0,0.0,0.0
2238,South Africa,ZAF,2000,127,161,ZAF00,0.0,2.0,3.0,5.0
2239,South Africa,ZAF,2002,1,4,ZAF02,0.0,0.0,0.0,0.0
2240,South Africa,ZAF,2004,106,128,ZAF04,1.0,3.0,2.0,6.0
2241,South Africa,ZAF,2006,3,9,ZAF06,0.0,0.0,0.0,0.0
2242,South Africa,ZAF,2008,134,179,ZAF08,1.0,1.0,0.0,2.0
2243,South Africa,ZAF,2008,134,179,ZAF08,0.0,1.0,0.0,1.0
2244,South Africa,ZAF,2010,2,2,ZAF10,0.0,0.0,0.0,0.0
2245,South Africa,ZAF,2012,124,145,ZAF12,4.0,2.0,0.0,6.0
2246,South Africa,ZAF,2012,124,145,ZAF12,4.0,1.0,1.0,6.0
2247,South Africa,ZAF,2016,135,155,ZAF16,2.0,6.0,2.0,10.0
2248,South Korea,PRK,1948,49,55,PRK48,0.0,0.0,0.0,0.0
2249,South Korea,PRK,1952,19,22,PRK52,0.0,0.0,0.0,0.0
2250,South Korea,PRK,1956,39,46,PRK56,0.0,0.0,0.0,0.0
2251,South Korea,PRK,1960,42,69,PRK60,0.0,0.0,0.0,0.0
2252,South Korea,PRK,1964,161,256,PRK64,0.0,1.0,0.0,1.0
2253,South Korea,PRK,1968,62,80,PRK68,0.0,0.0,0.0,0.0
2254,South Korea,PRK,1972,47,54,PRK72,1.0,1.0,3.0,5.0
2255,South Korea,PRK,1976,53,60,PRK76,1.0,1.0,0.0,2.0
2256,South Korea,PRK,1980,10,24,PRK80,0.0,3.0,2.0,5.0
2257,South Korea,PRK,1984,190,278,PRK84,0.0,0.0,0.0,0.0
2258,South Korea,PRK,1988,423,607,PRK88,0.0,0.0,0.0,0.0
2259,South Korea,PRK,1992,249,379,PRK92,4.0,0.0,6.0,10.0
2260,South Korea,PRK,1994,21,45,PRK94,0.0,0.0,0.0,0.0
2261,South Korea,PRK,1996,303,417,PRK96,2.0,1.0,2.0,5.0
2262,South Korea,PRK,1998,37,79,PRK98,0.0,0.0,0.0,0.0
2263,South Korea,PRK,2000,281,359,PRK00,0.0,1.0,3.0,4.0
2264,South Korea,PRK,2002,46,87,PRK02,0.0,0.0,0.0,0.0
2265,South Korea,PRK,2004,264,344,PRK04,0.0,4.0,1.0,5.0
2266,South Korea,PRK,2006,40,85,PRK06,0.0,0.0,0.0,0.0
2267,South Korea,PRK,2008,265,329,PRK08,2.0,2.0,2.0,6.0
2268,South Korea,PRK,2010,45,84,PRK10,0.0,0.0,0.0,0.0
2269,South Korea,PRK,2012,250,312,PRK12,4.0,0.0,3.0,7.0
2270,South Korea,PRK,2014,71,130,PRK14,0.0,0.0,0.0,0.0
2271,South Korea,PRK,2016,207,263,PRK16,2.0,3.0,2.0,7.0
2272,Soviet Union,RUS,1952,295,451,RUS52,22.0,30.0,19.0,71.0
2273,Soviet Union,RUS,1956,334,492,RUS56,44.0,32.0,38.0,114.0
2274,Soviet Union,RUS,1960,345,505,RUS60,50.0,34.0,40.0,124.0
2275,Soviet Union,RUS,1964,386,570,RUS64,41.0,39.0,41.0,121.0
2276,Soviet Union,RUS,1968,386,592,RUS68,34.0,37.0,33.0,104.0
2277,Soviet Union,RUS,1972,447,649,RUS72,58.0,32.0,25.0,115.0
2278,Soviet Union,RUS,1976,489,695,RUS76,62.0,47.0,43.0,152.0
2279,Soviet Union,RUS,1980,575,789,RUS80,90.0,75.0,52.0,217.0
2280,Soviet Union,RUS,1984,99,143,RUS84,6.0,10.0,9.0,25.0
2281,Soviet Union,RUS,1988,582,799,RUS88,66.0,40.0,55.0,161.0
2282,Spain,ESP,1900,9,12,ESP00,1.0,0.0,0.0,1.0
2283,Spain,ESP,1900,9,12,ESP00,3.0,3.0,5.0,11.0
2284,Spain,ESP,1920,58,111,ESP20,0.0,2.0,0.0,2.0
2285,Spain,ESP,1920,58,111,ESP20,3.0,8.0,6.0,17.0
2286,Spain,ESP,1924,95,151,ESP24,5.0,4.0,9.0,18.0
2287,Spain,ESP,1928,80,106,ESP28,1.0,0.0,0.0,1.0
2288,Spain,ESP,1932,7,8,ESP32,0.0,0.0,1.0,1.0
2289,Spain,ESP,1936,6,6,ESP36,0.0,0.0,0.0,0.0
2290,Spain,ESP,1948,71,96,ESP48,0.0,1.0,0.0,1.0
2291,Spain,ESP,1952,31,53,ESP52,0.0,1.0,0.0,1.0
2292,Spain,ESP,1956,15,30,ESP56,0.0,0.0,0.0,0.0
2293,Spain,ESP,1960,148,250,ESP60,0.0,0.0,1.0,1.0
2294,Spain,ESP,1964,57,79,ESP64,0.0,0.0,0.0,0.0
2295,Spain,ESP,1968,142,165,ESP68,0.0,0.0,0.0,0.0
2296,Spain,ESP,1972,126,169,ESP72,1.0,0.0,1.0,2.0
2297,Spain,ESP,1976,117,171,ESP76,0.0,2.0,0.0,2.0
2298,Spain,ESP,1980,163,226,ESP80,1.0,3.0,2.0,6.0
2299,Spain,ESP,1984,191,282,ESP84,1.0,2.0,2.0,5.0
2300,Spain,ESP,1988,241,346,ESP88,1.0,1.0,2.0,4.0
2301,Spain,ESP,1992,439,582,ESP92,13.0,7.0,3.0,23.0
2302,Spain,ESP,1994,13,33,ESP94,0.0,0.0,0.0,0.0
2303,Spain,ESP,1996,289,384,ESP96,5.0,6.0,6.0,17.0
2304,Spain,ESP,1998,12,24,ESP98,0.0,0.0,0.0,0.0
2305,Spain,ESP,2000,321,431,ESP00,1.0,0.0,0.0,1.0
2306,Spain,ESP,2000,321,431,ESP00,3.0,3.0,5.0,11.0
2307,Spain,ESP,2002,7,16,ESP02,0.0,0.0,0.0,0.0
2308,Spain,ESP,2004,316,423,ESP04,3.0,11.0,6.0,20.0
2309,Spain,ESP,2006,16,28,ESP06,0.0,0.0,0.0,0.0
2310,Spain,ESP,2008,283,355,ESP08,5.0,11.0,3.0,19.0
2311,Spain,ESP,2010,18,35,ESP10,0.0,0.0,0.0,0.0
2312,Spain,ESP,2012,278,339,ESP12,4.0,10.0,6.0,20.0
2313,Spain,ESP,2014,20,39,ESP14,0.0,0.0,0.0,0.0
2314,Spain,ESP,2016,307,363,ESP16,7.0,4.0,6.0,17.0
2315,Sri Lanka,LKA,1948,7,10,LKA48,0.0,1.0,0.0,1.0
2316,Sri Lanka,LKA,1952,5,7,LKA52,0.0,0.0,0.0,0.0
2317,Sri Lanka,LKA,1956,3,3,LKA56,0.0,0.0,0.0,0.0
2318,Sri Lanka,LKA,1960,5,5,LKA60,0.0,0.0,0.0,0.0
2319,Sri Lanka,LKA,1964,6,7,LKA64,0.0,0.0,0.0,0.0
2320,Sri Lanka,LKA,1968,3,3,LKA68,0.0,0.0,0.0,0.0
2321,Sri Lanka,LKA,1972,4,6,LKA72,0.0,0.0,0.0,0.0
2322,Sri Lanka,LKA,1980,4,4,LKA80,0.0,0.0,0.0,0.0
2323,Sri Lanka,LKA,1984,4,6,LKA84,0.0,0.0,0.0,0.0
2324,Sri Lanka,LKA,1988,6,9,LKA88,0.0,0.0,0.0,0.0
2325,Sri Lanka,LKA,1992,11,16,LKA92,0.0,0.0,0.0,0.0
2326,Sri Lanka,LKA,1996,9,11,LKA96,0.0,0.0,0.0,0.0
2327,Sri Lanka,LKA,2000,18,24,LKA00,0.0,1.0,0.0,1.0
2328,Sri Lanka,LKA,2004,7,8,LKA04,0.0,0.0,0.0,0.0
2329,Sri Lanka,LKA,2008,8,9,LKA08,0.0,0.0,0.0,0.0
2330,Sri Lanka,LKA,2012,7,8,LKA12,0.0,0.0,0.0,0.0
2331,Sri Lanka,LKA,2016,9,10,LKA16,0.0,0.0,0.0,0.0
2332,Sudan,SDN,1960,10,13,SDN60,0.0,0.0,0.0,0.0
2333,Sudan,SDN,1968,5,7,SDN68,0.0,0.0,0.0,0.0
2334,Sudan,SDN,1972,26,31,SDN72,0.0,0.0,0.0,0.0
2335,Sudan,SDN,1984,7,9,SDN84,0.0,0.0,0.0,0.0
2336,Sudan,SDN,1988,8,8,SDN88,0.0,0.0,0.0,0.0
2337,Sudan,SDN,1992,6,7,SDN92,0.0,0.0,0.0,0.0
2338,Sudan,SDN,1996,4,4,SDN96,0.0,0.0,0.0,0.0
2339,Sudan,SDN,2000,3,3,SDN00,0.0,0.0,0.0,0.0
2340,Sudan,SDN,2004,4,4,SDN04,0.0,0.0,0.0,0.0
2341,Sudan,SDN,2008,9,9,SDN08,0.0,1.0,0.0,1.0
2342,Sudan,SDN,2012,6,6,SDN12,0.0,0.0,0.0,0.0
2343,Sudan,SDN,2016,6,6,SDN16,0.0,0.0,0.0,0.0
2344,Suriname,SUR,1968,1,1,SUR68,0.0,0.0,0.0,0.0
2345,Suriname,SUR,1972,2,3,SUR72,0.0,0.0,0.0,0.0
2346,Suriname,SUR,1976,3,4,SUR76,0.0,0.0,0.0,0.0
2347,Suriname,SUR,1984,5,7,SUR84,0.0,0.0,0.0,0.0
2348,Suriname,SUR,1988,6,10,SUR88,1.0,0.0,0.0,1.0
2349,Suriname,SUR,1992,6,9,SUR92,0.0,0.0,1.0,1.0
2350,Suriname,SUR,1996,7,11,SUR96,0.0,0.0,0.0,0.0
2351,Suriname,SUR,2000,4,5,SUR00,0.0,0.0,0.0,0.0
2352,Suriname,SUR,2004,4,4,SUR04,0.0,0.0,0.0,0.0
2353,Suriname,SUR,2008,4,4,SUR08,0.0,0.0,0.0,0.0
2354,Suriname,SUR,2012,5,5,SUR12,0.0,0.0,0.0,0.0
2355,Suriname,SUR,2016,6,6,SUR16,0.0,0.0,0.0,0.0
2356,Sweden,SWE,1896,1,5,SWE96,2.0,4.0,2.0,8.0
2357,Sweden,SWE,1900,10,27,SWE00,0.0,0.0,1.0,1.0
2358,Sweden,SWE,1900,10,27,SWE00,4.0,5.0,3.0,12.0
2359,Sweden,SWE,1906,39,95,SWE06,2.0,5.0,7.0,14.0
2360,Sweden,SWE,1906,39,95,SWE06,7.0,2.0,5.0,14.0
2361,Sweden,SWE,1908,168,276,SWE08,8.0,6.0,11.0,25.0
2362,Sweden,SWE,1908,168,276,SWE08,0.0,4.0,1.0,5.0
2363,Sweden,SWE,1912,444,714,SWE12,23.0,25.0,17.0,65.0
2364,Sweden,SWE,1912,444,714,SWE12,1.0,4.0,3.0,8.0
2365,Sweden,SWE,1920,260,404,SWE20,19.0,20.0,25.0,64.0
2366,Sweden,SWE,1920,260,404,SWE20,3.0,6.0,0.0,9.0
2367,Sweden,SWE,1924,190,297,SWE24,5.0,14.0,12.0,31.0
2368,Sweden,SWE,1924,190,297,SWE24,4.0,4.0,3.0,11.0
2369,Sweden,SWE,1928,124,169,SWE28,9.0,8.0,13.0,30.0
2370,Sweden,SWE,1932,93,146,SWE32,11.0,7.0,9.0,27.0
2371,Sweden,SWE,1936,203,269,SWE36,8.0,7.0,13.0,28.0
2372,Sweden,SWE,1948,224,293,SWE48,21.0,14.0,21.0,56.0
2373,Sweden,SWE,1952,271,449,SWE52,12.0,13.0,14.0,39.0
2374,Sweden,SWE,1956,155,279,SWE56,10.0,9.0,10.0,29.0
2375,Sweden,SWE,1960,181,330,SWE60,4.0,4.0,5.0,13.0
2376,Sweden,SWE,1964,151,278,SWE64,5.0,5.0,5.0,15.0
2377,Sweden,SWE,1968,168,298,SWE68,5.0,3.0,4.0,12.0
2378,Sweden,SWE,1972,189,287,SWE72,5.0,7.0,8.0,20.0
2379,Sweden,SWE,1976,155,241,SWE76,4.0,1.0,2.0,7.0
2380,Sweden,SWE,1980,206,310,SWE80,6.0,3.0,7.0,16.0
2381,Sweden,SWE,1984,234,352,SWE84,6.0,13.0,8.0,27.0
2382,Sweden,SWE,1988,252,377,SWE88,4.0,4.0,9.0,17.0
2383,Sweden,SWE,1992,260,388,SWE92,2.0,7.0,7.0,16.0
2384,Sweden,SWE,1994,84,151,SWE94,2.0,1.0,0.0,3.0
2385,Sweden,SWE,1996,177,233,SWE96,2.0,4.0,2.0,8.0
2386,Sweden,SWE,1998,99,146,SWE98,0.0,2.0,1.0,3.0
2387,Sweden,SWE,2000,150,198,SWE00,0.0,0.0,1.0,1.0
2388,Sweden,SWE,2000,150,198,SWE00,4.0,5.0,3.0,12.0
2389,Sweden,SWE,2002,102,159,SWE02,0.0,2.0,5.0,7.0
2390,Sweden,SWE,2004,115,157,SWE04,4.0,2.0,1.0,7.0
2391,Sweden,SWE,2006,106,168,SWE06,2.0,5.0,7.0,14.0
2392,Sweden,SWE,2006,106,168,SWE06,7.0,2.0,5.0,14.0
2393,Sweden,SWE,2008,123,169,SWE08,8.0,6.0,11.0,25.0
2394,Sweden,SWE,2008,123,169,SWE08,0.0,4.0,1.0,5.0
2395,Sweden,SWE,2010,101,172,SWE10,5.0,2.0,5.0,12.0
2396,Sweden,SWE,2012,133,168,SWE12,23.0,25.0,17.0,65.0
2397,Sweden,SWE,2012,133,168,SWE12,1.0,4.0,3.0,8.0
2398,Sweden,SWE,2014,99,148,SWE14,2.0,7.0,6.0,15.0
2399,Sweden,SWE,2016,150,186,SWE16,2.0,6.0,3.0,11.0
2400,Switzerland,CHE,1896,3,8,CHE96,1.0,2.0,0.0,3.0
2401,Switzerland,CHE,1896,3,8,CHE96,4.0,3.0,0.0,7.0
2402,Switzerland,CHE,1900,18,52,CHE00,6.0,3.0,1.0,10.0
2403,Switzerland,CHE,1900,18,52,CHE00,1.0,6.0,2.0,9.0
2404,Switzerland,CHE,1904,3,7,CHE04,1.0,1.0,3.0,5.0
2405,Switzerland,CHE,1906,9,45,CHE06,4.0,3.0,1.0,8.0
2406,Switzerland,CHE,1906,9,45,CHE06,5.0,4.0,5.0,14.0
2407,Switzerland,CHE,1908,1,1,CHE08,2.0,1.0,4.0,7.0
2408,Switzerland,CHE,1912,7,7,CHE12,1.0,0.0,0.0,1.0
2409,Switzerland,CHE,1912,7,7,CHE12,2.0,2.0,0.0,4.0
2410,Switzerland,CHE,1920,77,126,CHE20,2.0,2.0,7.0,11.0
2411,Switzerland,CHE,1920,77,126,CHE20,3.0,4.0,6.0,13.0
2412,Switzerland,CHE,1924,171,301,CHE24,9.0,8.0,11.0,28.0
2413,Switzerland,CHE,1924,171,301,CHE24,1.0,2.0,5.0,8.0
2414,Switzerland,CHE,1928,174,279,CHE28,7.0,6.0,5.0,18.0
2415,Switzerland,CHE,1932,14,21,CHE32,0.0,2.0,0.0,2.0
2416,Switzerland,CHE,1936,224,367,CHE36,5.0,11.0,5.0,21.0
2417,Switzerland,CHE,1948,256,386,CHE48,8.0,16.0,9.0,33.0
2418,Switzerland,CHE,1952,212,327,CHE52,2.0,6.0,8.0,16.0
2419,Switzerland,CHE,1956,68,98,CHE56,3.0,2.0,2.0,7.0
2420,Switzerland,CHE,1960,170,261,CHE60,2.0,3.0,3.0,8.0
2421,Switzerland,CHE,1964,138,233,CHE64,1.0,2.0,1.0,4.0
2422,Switzerland,CHE,1968,119,217,CHE68,0.0,3.0,8.0,11.0
2423,Switzerland,CHE,1972,203,344,CHE72,4.0,6.0,3.0,13.0
2424,Switzerland,CHE,1976,109,187,CHE76,2.0,4.0,3.0,9.0
2425,Switzerland,CHE,1980,117,159,CHE80,3.0,1.0,3.0,7.0
2426,Switzerland,CHE,1984,171,324,CHE84,2.0,6.0,5.0,13.0
2427,Switzerland,CHE,1988,169,277,CHE88,5.0,7.0,7.0,19.0
2428,Switzerland,CHE,1992,176,300,CHE92,2.0,0.0,2.0,4.0
2429,Switzerland,CHE,1994,59,106,CHE94,3.0,4.0,2.0,9.0
2430,Switzerland,CHE,1996,115,172,CHE96,1.0,2.0,0.0,3.0
2431,Switzerland,CHE,1996,115,172,CHE96,4.0,3.0,0.0,7.0
2432,Switzerland,CHE,1998,69,118,CHE98,2.0,2.0,3.0,7.0
2433,Switzerland,CHE,2000,102,138,CHE00,6.0,3.0,1.0,10.0
2434,Switzerland,CHE,2000,102,138,CHE00,1.0,6.0,2.0,9.0
2435,Switzerland,CHE,2002,110,167,CHE02,3.0,2.0,6.0,11.0
2436,Switzerland,CHE,2004,98,138,CHE04,1.0,1.0,3.0,5.0
2437,Switzerland,CHE,2006,125,181,CHE06,4.0,3.0,1.0,8.0
2438,Switzerland,CHE,2006,125,181,CHE06,5.0,4.0,5.0,14.0
2439,Switzerland,CHE,2008,83,116,CHE08,2.0,1.0,4.0,7.0
2440,Switzerland,CHE,2010,134,190,CHE10,6.0,0.0,3.0,9.0
2441,Switzerland,CHE,2012,98,126,CHE12,1.0,0.0,0.0,1.0
2442,Switzerland,CHE,2012,98,126,CHE12,2.0,2.0,0.0,4.0
2443,Switzerland,CHE,2014,152,219,CHE14,7.0,2.0,2.0,11.0
2444,Switzerland,CHE,2016,102,152,CHE16,3.0,2.0,2.0,7.0
2445,Syria,SYR,1948,1,1,SYR48,0.0,0.0,0.0,0.0
2446,Syria,SYR,1968,2,2,SYR68,0.0,0.0,0.0,0.0
2447,Syria,SYR,1972,5,5,SYR72,0.0,0.0,0.0,0.0
2448,Syria,SYR,1980,67,71,SYR80,0.0,0.0,0.0,0.0
2449,Syria,SYR,1984,9,9,SYR84,0.0,1.0,0.0,1.0
2450,Syria,SYR,1988,13,13,SYR88,0.0,0.0,0.0,0.0
2451,Syria,SYR,1992,8,9,SYR92,0.0,0.0,0.0,0.0
2452,Syria,SYR,1996,7,8,SYR96,1.0,0.0,0.0,1.0
2453,Syria,SYR,2000,8,8,SYR00,0.0,0.0,0.0,0.0
2454,Syria,SYR,2004,6,6,SYR04,0.0,0.0,1.0,1.0
2455,Syria,SYR,2008,7,7,SYR08,0.0,0.0,0.0,0.0
2456,Syria,SYR,2012,10,10,SYR12,0.0,0.0,0.0,0.0
2457,Syria,SYR,2016,7,7,SYR16,0.0,0.0,0.0,0.0
2458,Tajikistan,TJK,1996,8,8,TJK96,0.0,0.0,0.0,0.0
2459,Tajikistan,TJK,2000,4,4,TJK00,0.0,0.0,0.0,0.0
2460,Tajikistan,TJK,2002,1,2,TJK02,0.0,0.0,0.0,0.0
2461,Tajikistan,TJK,2004,9,9,TJK04,0.0,0.0,0.0,0.0
2462,Tajikistan,TJK,2006,1,3,TJK06,0.0,0.0,0.0,0.0
2463,Tajikistan,TJK,2008,15,16,TJK08,0.0,1.0,1.0,2.0
2464,Tajikistan,TJK,2010,1,4,TJK10,0.0,0.0,0.0,0.0
2465,Tajikistan,TJK,2012,16,16,TJK12,0.0,0.0,1.0,1.0
2466,Tajikistan,TJK,2014,1,1,TJK14,0.0,0.0,0.0,0.0
2467,Tajikistan,TJK,2016,7,7,TJK16,1.0,0.0,0.0,1.0
2468,Tanzania,TZA,1964,4,4,TZA64,0.0,0.0,0.0,0.0
2469,Tanzania,TZA,1968,4,5,TZA68,0.0,0.0,0.0,0.0
2470,Tanzania,TZA,1972,15,22,TZA72,0.0,0.0,0.0,0.0
2471,Tanzania,TZA,1980,41,48,TZA80,0.0,2.0,0.0,2.0
2472,Tanzania,TZA,1984,18,21,TZA84,0.0,0.0,0.0,0.0
2473,Tanzania,TZA,1988,10,10,TZA88,0.0,0.0,0.0,0.0
2474,Tanzania,TZA,1992,9,9,TZA92,0.0,0.0,0.0,0.0
2475,Tanzania,TZA,1996,7,7,TZA96,0.0,0.0,0.0,0.0
2476,Tanzania,TZA,2000,4,4,TZA00,0.0,0.0,0.0,0.0
2477,Tanzania,TZA,2004,8,9,TZA04,0.0,0.0,0.0,0.0
2478,Tanzania,TZA,2008,9,9,TZA08,0.0,0.0,0.0,0.0
2479,Tanzania,TZA,2012,6,6,TZA12,0.0,0.0,0.0,0.0
2480,Tanzania,TZA,2016,7,7,TZA16,0.0,0.0,0.0,0.0
2481,Thailand,THA,1952,8,15,THA52,0.0,0.0,0.0,0.0
2482,Thailand,THA,1956,35,40,THA56,0.0,0.0,0.0,0.0
2483,Thailand,THA,1960,20,24,THA60,0.0,0.0,0.0,0.0
2484,Thailand,THA,1964,54,67,THA64,0.0,0.0,0.0,0.0
2485,Thailand,THA,1968,41,46,THA68,0.0,0.0,0.0,0.0
2486,Thailand,THA,1972,33,37,THA72,0.0,0.0,0.0,0.0
2487,Thailand,THA,1976,42,62,THA76,0.0,0.0,1.0,1.0
2488,Thailand,THA,1984,35,40,THA84,0.0,1.0,0.0,1.0
2489,Thailand,THA,1988,14,15,THA88,0.0,0.0,1.0,1.0
2490,Thailand,THA,1992,46,64,THA92,0.0,0.0,1.0,1.0
2491,Thailand,THA,1996,37,58,THA96,1.0,0.0,1.0,2.0
2492,Thailand,THA,2000,52,68,THA00,1.0,0.0,2.0,3.0
2493,Thailand,THA,2002,1,2,THA02,0.0,0.0,0.0,0.0
2494,Thailand,THA,2004,42,51,THA04,3.0,1.0,4.0,8.0
2495,Thailand,THA,2006,1,1,THA06,0.0,0.0,0.0,0.0
2496,Thailand,THA,2008,47,53,THA08,2.0,2.0,2.0,6.0
2497,Thailand,THA,2012,37,43,THA12,0.0,2.0,2.0,4.0
2498,Thailand,THA,2014,2,3,THA14,0.0,0.0,0.0,0.0
2499,Thailand,THA,2016,54,58,THA16,2.0,2.0,2.0,6.0
2500,Togo,TGO,1972,7,7,TGO72,0.0,0.0,0.0,0.0
2501,Togo,TGO,1984,6,6,TGO84,0.0,0.0,0.0,0.0
2502,Togo,TGO,1988,6,6,TGO88,0.0,0.0,0.0,0.0
2503,Togo,TGO,1992,6,9,TGO92,0.0,0.0,0.0,0.0
2504,Togo,TGO,1996,5,7,TGO96,0.0,0.0,0.0,0.0
2505,Togo,TGO,2000,3,3,TGO00,0.0,0.0,0.0,0.0
2506,Togo,TGO,2004,3,3,TGO04,0.0,0.0,0.0,0.0
2507,Togo,TGO,2008,4,4,TGO08,0.0,0.0,1.0,1.0
2508,Togo,TGO,2012,6,6,TGO12,0.0,0.0,0.0,0.0
2509,Togo,TGO,2014,2,3,TGO14,0.0,0.0,0.0,0.0
2510,Togo,TGO,2016,5,5,TGO16,0.0,0.0,0.0,0.0
2511,Tonga,TTO,1984,7,7,TTO84,0.0,0.0,0.0,0.0
2512,Tonga,TTO,1988,5,7,TTO88,0.0,0.0,0.0,0.0
2513,Tonga,TTO,1992,5,5,TTO92,0.0,0.0,0.0,0.0
2514,Tonga,TTO,1996,5,5,TTO96,0.0,0.0,2.0,2.0
2515,Tonga,TTO,2000,3,3,TTO00,0.0,1.0,1.0,2.0
2516,Tonga,TTO,2004,5,5,TTO04,0.0,0.0,1.0,1.0
2517,Tonga,TTO,2008,3,3,TTO08,1.0,1.0,0.0,2.0
2518,Tonga,TTO,2012,3,3,TTO12,1.0,1.0,2.0,4.0
2519,Tonga,TTO,2014,1,1,TTO14,0.0,0.0,0.0,0.0
2520,Tonga,TTO,2016,7,7,TTO16,0.0,0.0,1.0,1.0
2521,Trinidad and Tobago,TON,1948,5,9,TON48,0.0,0.0,0.0,0.0
2522,Trinidad and Tobago,TON,1952,2,2,TON52,0.0,0.0,0.0,0.0
2523,Trinidad and Tobago,TON,1956,6,10,TON56,0.0,0.0,0.0,0.0
2524,Trinidad and Tobago,TON,1964,13,18,TON64,0.0,0.0,0.0,0.0
2525,Trinidad and Tobago,TON,1968,19,25,TON68,0.0,0.0,0.0,0.0
2526,Trinidad and Tobago,TON,1972,19,36,TON72,0.0,0.0,0.0,0.0
2527,Trinidad and Tobago,TON,1976,13,20,TON76,0.0,0.0,0.0,0.0
2528,Trinidad and Tobago,TON,1980,9,15,TON80,0.0,0.0,0.0,0.0
2529,Trinidad and Tobago,TON,1984,16,23,TON84,0.0,0.0,0.0,0.0
2530,Trinidad and Tobago,TON,1988,6,10,TON88,0.0,0.0,0.0,0.0
2531,Trinidad and Tobago,TON,1992,7,13,TON92,0.0,0.0,0.0,0.0
2532,Trinidad and Tobago,TON,1994,2,2,TON94,0.0,0.0,0.0,0.0
2533,Trinidad and Tobago,TON,1996,12,16,TON96,0.0,1.0,0.0,1.0
2534,Trinidad and Tobago,TON,1998,2,2,TON98,0.0,0.0,0.0,0.0
2535,Trinidad and Tobago,TON,2000,19,29,TON00,0.0,0.0,0.0,0.0
2536,Trinidad and Tobago,TON,2002,3,3,TON02,0.0,0.0,0.0,0.0
2537,Trinidad and Tobago,TON,2004,19,26,TON04,0.0,0.0,0.0,0.0
2538,Trinidad and Tobago,TON,2008,28,35,TON08,0.0,0.0,0.0,0.0
2539,Trinidad and Tobago,TON,2012,25,38,TON12,0.0,0.0,0.0,0.0
2540,Trinidad and Tobago,TON,2016,28,43,TON16,0.0,0.0,0.0,0.0
2541,Tunisia,TUN,1960,42,56,TUN60,0.0,0.0,0.0,0.0
2542,Tunisia,TUN,1964,9,12,TUN64,0.0,1.0,1.0,2.0
2543,Tunisia,TUN,1968,7,8,TUN68,1.0,0.0,1.0,2.0
2544,Tunisia,TUN,1972,35,37,TUN72,0.0,1.0,0.0,1.0
2545,Tunisia,TUN,1976,15,16,TUN76,0.0,0.0,0.0,0.0
2546,Tunisia,TUN,1984,23,28,TUN84,0.0,0.0,0.0,0.0
2547,Tunisia,TUN,1988,41,45,TUN88,0.0,0.0,0.0,0.0
2548,Tunisia,TUN,1992,13,15,TUN92,0.0,0.0,0.0,0.0
2549,Tunisia,TUN,1996,51,52,TUN96,0.0,0.0,1.0,1.0
2550,Tunisia,TUN,2000,47,47,TUN00,0.0,0.0,0.0,0.0
2551,Tunisia,TUN,2004,54,64,TUN04,0.0,0.0,0.0,0.0
2552,Tunisia,TUN,2008,26,29,TUN08,1.0,0.0,0.0,1.0
2553,Tunisia,TUN,2012,83,87,TUN12,2.0,0.0,1.0,3.0
2554,Tunisia,TUN,2016,61,65,TUN16,0.0,0.0,3.0,3.0
2555,Turkey,TUR,1906,1,2,TUR06,0.0,0.0,0.0,0.0
2556,Turkey,TUR,1912,2,7,TUR12,1.0,1.0,1.0,3.0
2557,Turkey,TUR,1924,22,23,TUR24,0.0,3.0,5.0,8.0
2558,Turkey,TUR,1928,31,40,TUR28,0.0,0.0,0.0,0.0
2559,Turkey,TUR,1932,1,2,TUR32,0.0,0.0,0.0,0.0
2560,Turkey,TUR,1936,54,72,TUR36,1.0,0.0,1.0,2.0
2561,Turkey,TUR,1948,62,97,TUR48,6.0,4.0,2.0,12.0
2562,Turkey,TUR,1952,51,58,TUR52,2.0,0.0,1.0,3.0
2563,Turkey,TUR,1956,23,38,TUR56,3.0,2.0,2.0,7.0
2564,Turkey,TUR,1960,51,64,TUR60,7.0,2.0,0.0,9.0
2565,Turkey,TUR,1964,28,37,TUR64,2.0,3.0,1.0,6.0
2566,Turkey,TUR,1968,40,50,TUR68,2.0,0.0,0.0,2.0
2567,Turkey,TUR,1972,43,50,TUR72,0.0,1.0,0.0,1.0
2568,Turkey,TUR,1976,36,47,TUR76,0.0,0.0,0.0,0.0
2569,Turkey,TUR,1984,53,73,TUR84,0.0,0.0,3.0,3.0
2570,Turkey,TUR,1988,49,70,TUR88,1.0,1.0,0.0,2.0
2571,Turkey,TUR,1992,49,71,TUR92,2.0,2.0,2.0,6.0
2572,Turkey,TUR,1994,1,1,TUR94,0.0,0.0,0.0,0.0
2573,Turkey,TUR,1996,53,61,TUR96,4.0,1.0,1.0,6.0
2574,Turkey,TUR,1998,1,1,TUR98,0.0,0.0,0.0,0.0
2575,Turkey,TUR,2000,57,67,TUR00,3.0,0.0,2.0,5.0
2576,Turkey,TUR,2002,3,5,TUR02,0.0,0.0,0.0,0.0
2577,Turkey,TUR,2004,64,74,TUR04,3.0,3.0,4.0,10.0
2578,Turkey,TUR,2006,6,17,TUR06,0.0,0.0,0.0,0.0
2579,Turkey,TUR,2008,67,71,TUR08,1.0,1.0,3.0,5.0
2580,Turkey,TUR,2010,5,9,TUR10,0.0,0.0,0.0,0.0
2581,Turkey,TUR,2012,112,119,TUR12,1.0,1.0,1.0,3.0
2582,Turkey,TUR,2014,6,11,TUR14,0.0,0.0,0.0,0.0
2583,Turkey,TUR,2016,100,119,TUR16,1.0,3.0,4.0,8.0
2584,Turkmenistan,TKM,1996,7,7,TKM96,0.0,0.0,0.0,0.0
2585,Turkmenistan,TKM,2000,8,8,TKM00,0.0,0.0,0.0,0.0
2586,Turkmenistan,TKM,2004,9,10,TKM04,0.0,0.0,0.0,0.0
2587,Turkmenistan,TKM,2008,10,10,TKM08,0.0,0.0,0.0,0.0
2588,Turkmenistan,TKM,2012,10,10,TKM12,0.0,0.0,0.0,0.0
2589,Turkmenistan,TKM,2016,9,9,TKM16,0.0,0.0,0.0,0.0
2590,Uganda,UGA,1956,3,5,UGA56,0.0,0.0,0.0,0.0
2591,Uganda,UGA,1960,10,16,UGA60,0.0,0.0,0.0,0.0
2592,Uganda,UGA,1964,13,19,UGA64,0.0,0.0,0.0,0.0
2593,Uganda,UGA,1968,11,14,UGA68,0.0,1.0,1.0,2.0
2594,Uganda,UGA,1972,33,35,UGA72,1.0,1.0,0.0,2.0
2595,Uganda,UGA,1980,13,16,UGA80,0.0,1.0,0.0,1.0
2596,Uganda,UGA,1984,26,30,UGA84,0.0,0.0,0.0,0.0
2597,Uganda,UGA,1988,24,30,UGA88,0.0,0.0,0.0,0.0
2598,Uganda,UGA,1992,8,9,UGA92,0.0,0.0,0.0,0.0
2599,Uganda,UGA,1996,10,12,UGA96,0.0,0.0,1.0,1.0
2600,Uganda,UGA,2000,13,13,UGA00,0.0,0.0,0.0,0.0
2601,Uganda,UGA,2004,11,11,UGA04,0.0,0.0,0.0,0.0
2602,Uganda,UGA,2008,11,11,UGA08,0.0,0.0,0.0,0.0
2603,Uganda,UGA,2012,15,16,UGA12,1.0,0.0,0.0,1.0
2604,Uganda,UGA,2016,21,23,UGA16,0.0,0.0,0.0,0.0
2605,Ukraine,UKR,1994,37,60,UKR94,1.0,0.0,1.0,2.0
2606,Ukraine,UKR,1996,231,351,UKR96,9.0,2.0,12.0,23.0
2607,Ukraine,UKR,1998,56,104,UKR98,0.0,1.0,0.0,1.0
2608,Ukraine,UKR,2000,230,368,UKR00,3.0,10.0,10.0,23.0
2609,Ukraine,UKR,2002,68,111,UKR02,0.0,0.0,0.0,0.0
2610,Ukraine,UKR,2004,239,357,UKR04,8.0,5.0,9.0,22.0
2611,Ukraine,UKR,2006,52,109,UKR06,0.0,0.0,2.0,2.0
2612,Ukraine,UKR,2008,243,327,UKR08,7.0,4.0,11.0,22.0
2613,Ukraine,UKR,2010,45,95,UKR10,0.0,0.0,0.0,0.0
2614,Ukraine,UKR,2012,230,304,UKR12,5.0,4.0,10.0,19.0
2615,Ukraine,UKR,2014,42,101,UKR14,1.0,0.0,1.0,2.0
2616,Ukraine,UKR,2016,204,272,UKR16,2.0,5.0,4.0,11.0
2617,Unified Team,RUS,1992,604,864,RUS92,54.0,44.0,37.0,135.0
2618,United Arab Emirates,ARE,1984,7,11,ARE84,0.0,0.0,0.0,0.0
2619,United Arab Emirates,ARE,1988,12,36,ARE88,0.0,0.0,0.0,0.0
2620,United Arab Emirates,ARE,1992,13,36,ARE92,0.0,0.0,0.0,0.0
2621,United Arab Emirates,ARE,1996,4,4,ARE96,0.0,0.0,0.0,0.0
2622,United Arab Emirates,ARE,2000,4,5,ARE00,0.0,0.0,0.0,0.0
2623,United Arab Emirates,ARE,2004,4,5,ARE04,1.0,0.0,0.0,1.0
2624,United Arab Emirates,ARE,2008,8,9,ARE08,0.0,0.0,0.0,0.0
2625,United Arab Emirates,ARE,2012,26,26,ARE12,0.0,0.0,0.0,0.0
2626,United Arab Emirates,ARE,2016,12,12,ARE16,0.0,0.0,1.0,1.0
2627,United States,USA,1896,14,27,USA96,11.0,7.0,2.0,20.0
2628,United States,USA,1896,14,27,USA96,44.0,32.0,25.0,101.0
2629,United States,USA,1900,75,135,USA00,20.0,13.0,15.0,48.0
2630,United States,USA,1900,75,135,USA00,37.0,24.0,32.0,93.0
2631,United States,USA,1904,524,1109,USA04,80.0,85.0,83.0,248.0
2632,United States,USA,1904,524,1109,USA04,36.0,39.0,26.0,101.0
2633,United States,USA,1906,38,81,USA06,12.0,6.0,6.0,24.0
2634,United States,USA,1906,38,81,USA06,9.0,9.0,7.0,25.0
2635,United States,USA,1908,122,219,USA08,23.0,12.0,12.0,47.0
2636,United States,USA,1908,122,219,USA08,36.0,39.0,37.0,112.0
2637,United States,USA,1912,174,364,USA12,26.0,19.0,19.0,64.0
2638,United States,USA,1912,174,364,USA12,48.0,26.0,31.0,105.0
2639,United States,USA,1920,288,473,USA20,41.0,27.0,27.0,95.0
2640,United States,USA,1920,288,473,USA20,39.0,41.0,33.0,113.0
2641,United States,USA,1924,323,500,USA24,46.0,29.0,28.0,103.0
2642,United States,USA,1924,323,500,USA24,40.0,44.0,42.0,126.0
2643,United States,USA,1928,304,471,USA28,24.0,20.0,18.0,62.0
2644,United States,USA,1932,538,813,USA32,50.0,40.0,32.0,122.0
2645,United States,USA,1936,414,561,USA36,25.0,21.0,15.0,61.0
2646,United States,USA,1948,369,521,USA48,41.0,31.0,21.0,93.0
2647,United States,USA,1952,352,547,USA52,44.0,25.0,18.0,87.0
2648,United States,USA,1956,372,535,USA56,34.0,28.0,19.0,81.0
2649,United States,USA,1960,371,533,USA60,37.0,25.0,19.0,81.0
2650,United States,USA,1964,436,619,USA64,37.0,28.0,32.0,97.0
2651,United States,USA,1968,453,664,USA68,46.0,33.0,35.0,114.0
2652,United States,USA,1972,503,725,USA72,36.0,33.0,33.0,102.0
2653,United States,USA,1976,502,705,USA76,37.0,38.0,29.0,104.0
2654,United States,USA,1980,101,155,USA80,6.0,4.0,2.0,12.0
2655,United States,USA,1984,629,849,USA84,87.0,65.0,30.0,182.0
2656,United States,USA,1988,644,912,USA88,38.0,32.0,30.0,100.0
2657,United States,USA,1992,693,968,USA92,42.0,38.0,39.0,119.0
2658,United States,USA,1994,148,237,USA94,6.0,5.0,2.0,13.0
2659,United States,USA,1996,648,839,USA96,11.0,7.0,2.0,20.0
2660,United States,USA,1996,648,839,USA96,44.0,32.0,25.0,101.0
2661,United States,USA,1998,186,284,USA98,6.0,3.0,4.0,13.0
2662,United States,USA,2000,586,764,USA00,20.0,13.0,15.0,48.0
2663,United States,USA,2000,586,764,USA00,37.0,24.0,32.0,93.0
2664,United States,USA,2002,202,313,USA02,10.0,13.0,11.0,34.0
2665,United States,USA,2004,533,726,USA04,80.0,85.0,83.0,248.0
2666,United States,USA,2004,533,726,USA04,36.0,39.0,26.0,101.0
2667,United States,USA,2006,204,325,USA06,12.0,6.0,6.0,24.0
2668,United States,USA,2006,204,325,USA06,9.0,9.0,7.0,25.0
2669,United States,USA,2008,588,763,USA08,23.0,12.0,12.0,47.0
2670,United States,USA,2008,588,763,USA08,36.0,39.0,37.0,112.0
2671,United States,USA,2010,212,341,USA10,9.0,15.0,13.0,37.0
2672,United States,USA,2012,530,689,USA12,26.0,19.0,19.0,64.0
2673,United States,USA,2012,530,689,USA12,48.0,26.0,31.0,105.0
2674,United States,USA,2014,222,367,USA14,9.0,9.0,10.0,28.0
2675,United States,USA,2016,555,719,USA16,46.0,37.0,38.0,121.0
2676,United States Virgin Islands,VIR,1968,6,6,VIR68,0.0,0.0,0.0,0.0
2677,United States Virgin Islands,VIR,1972,16,16,VIR72,0.0,0.0,0.0,0.0
2678,United States Virgin Islands,VIR,1976,21,26,VIR76,0.0,0.0,0.0,0.0
2679,United States Virgin Islands,VIR,1984,29,52,VIR84,0.0,0.0,0.0,0.0
2680,United States Virgin Islands,VIR,1988,28,53,VIR88,0.0,1.0,0.0,1.0
2681,United States Virgin Islands,VIR,1992,37,53,VIR92,0.0,0.0,0.0,0.0
2682,United States Virgin Islands,VIR,1994,8,10,VIR94,0.0,0.0,0.0,0.0
2683,United States Virgin Islands,VIR,1996,12,14,VIR96,0.0,0.0,0.0,0.0
2684,United States Virgin Islands,VIR,1998,7,9,VIR98,0.0,0.0,0.0,0.0
2685,United States Virgin Islands,VIR,2000,9,12,VIR00,0.0,0.0,0.0,0.0
2686,United States Virgin Islands,VIR,2002,8,8,VIR02,0.0,0.0,0.0,0.0
2687,United States Virgin Islands,VIR,2004,6,9,VIR04,0.0,0.0,0.0,0.0
2688,United States Virgin Islands,VIR,2008,7,8,VIR08,0.0,0.0,0.0,0.0
2689,United States Virgin Islands,VIR,2012,7,9,VIR12,0.0,0.0,0.0,0.0
2690,United States Virgin Islands,VIR,2014,1,2,VIR14,0.0,0.0,0.0,0.0
2691,United States Virgin Islands,VIR,2016,7,7,VIR16,0.0,0.0,0.0,0.0
2692,Uruguay,URY,1924,26,40,URY24,1.0,0.0,0.0,1.0
2693,Uruguay,URY,1928,17,17,URY28,1.0,0.0,0.0,1.0
2694,Uruguay,URY,1932,2,6,URY32,0.0,0.0,1.0,1.0
2695,Uruguay,URY,1936,37,40,URY36,0.0,0.0,0.0,0.0
2696,Uruguay,URY,1948,61,79,URY48,0.0,1.0,1.0,2.0
2697,Uruguay,URY,1952,32,42,URY52,0.0,0.0,2.0,2.0
2698,Uruguay,URY,1956,21,29,URY56,0.0,0.0,1.0,1.0
2699,Uruguay,URY,1960,34,42,URY60,0.0,0.0,0.0,0.0
2700,Uruguay,URY,1964,23,29,URY64,0.0,0.0,1.0,1.0
2701,Uruguay,URY,1968,27,50,URY68,0.0,0.0,0.0,0.0
2702,Uruguay,URY,1972,13,20,URY72,0.0,0.0,0.0,0.0
2703,Uruguay,URY,1976,9,15,URY76,0.0,0.0,0.0,0.0
2704,Uruguay,URY,1984,18,23,URY84,0.0,0.0,0.0,0.0
2705,Uruguay,URY,1988,15,18,URY88,0.0,0.0,0.0,0.0
2706,Uruguay,URY,1992,16,18,URY92,0.0,0.0,0.0,0.0
2707,Uruguay,URY,1996,14,15,URY96,0.0,0.0,0.0,0.0
2708,Uruguay,URY,1998,1,1,URY98,0.0,0.0,0.0,0.0
2709,Uruguay,URY,2000,15,17,URY00,0.0,1.0,0.0,1.0
2710,Uruguay,URY,2004,15,18,URY04,0.0,0.0,0.0,0.0
2711,Uruguay,URY,2008,12,13,URY08,0.0,0.0,0.0,0.0
2712,Uruguay,URY,2012,27,27,URY12,0.0,0.0,0.0,0.0
2713,Uruguay,URY,2016,17,17,URY16,0.0,0.0,0.0,0.0
2714,Uzbekistan,UZB,1994,7,7,UZB94,1.0,0.0,0.0,1.0
2715,Uzbekistan,UZB,1996,71,95,UZB96,0.0,1.0,1.0,2.0
2716,Uzbekistan,UZB,1998,4,4,UZB98,0.0,0.0,0.0,0.0
2717,Uzbekistan,UZB,2000,70,85,UZB00,1.0,1.0,2.0,4.0
2718,Uzbekistan,UZB,2002,6,6,UZB02,0.0,0.0,0.0,0.0
2719,Uzbekistan,UZB,2004,69,79,UZB04,2.0,1.0,2.0,5.0
2720,Uzbekistan,UZB,2006,4,4,UZB06,0.0,0.0,0.0,0.0
2721,Uzbekistan,UZB,2008,56,69,UZB08,0.0,1.0,3.0,4.0
2722,Uzbekistan,UZB,2010,3,5,UZB10,0.0,0.0,0.0,0.0
2723,Uzbekistan,UZB,2012,53,56,UZB12,0.0,0.0,3.0,3.0
2724,Uzbekistan,UZB,2014,3,5,UZB14,0.0,0.0,0.0,0.0
2725,Uzbekistan,UZB,2016,70,80,UZB16,4.0,2.0,7.0,13.0
2726,Venezuela,VEN,1932,1,1,VEN32,0.0,0.0,0.0,0.0
2727,Venezuela,VEN,1948,1,2,VEN48,0.0,0.0,0.0,0.0
2728,Venezuela,VEN,1952,38,63,VEN52,0.0,0.0,1.0,1.0
2729,Venezuela,VEN,1956,22,38,VEN56,0.0,0.0,0.0,0.0
2730,Venezuela,VEN,1960,36,54,VEN60,0.0,0.0,1.0,1.0
2731,Venezuela,VEN,1964,16,23,VEN64,0.0,0.0,0.0,0.0
2732,Venezuela,VEN,1968,23,30,VEN68,1.0,0.0,0.0,1.0
2733,Venezuela,VEN,1972,23,33,VEN72,0.0,0.0,0.0,0.0
2734,Venezuela,VEN,1976,32,56,VEN76,0.0,1.0,0.0,1.0
2735,Venezuela,VEN,1980,37,43,VEN80,0.0,1.0,0.0,1.0
2736,Venezuela,VEN,1984,26,44,VEN84,0.0,0.0,3.0,3.0
2737,Venezuela,VEN,1988,17,17,VEN88,0.0,0.0,0.0,0.0
2738,Venezuela,VEN,1992,26,27,VEN92,0.0,0.0,0.0,0.0
2739,Venezuela,VEN,1996,39,53,VEN96,0.0,0.0,0.0,0.0
2740,Venezuela,VEN,1998,1,1,VEN98,0.0,0.0,0.0,0.0
2741,Venezuela,VEN,2000,50,65,VEN00,0.0,0.0,0.0,0.0
2742,Venezuela,VEN,2002,4,4,VEN02,0.0,0.0,0.0,0.0
2743,Venezuela,VEN,2004,48,53,VEN04,0.0,0.0,2.0,2.0
2744,Venezuela,VEN,2006,1,1,VEN06,0.0,0.0,0.0,0.0
2745,Venezuela,VEN,2008,108,126,VEN08,0.0,0.0,1.0,1.0
2746,Venezuela,VEN,2012,68,85,VEN12,1.0,0.0,0.0,1.0
2747,Venezuela,VEN,2014,1,1,VEN14,0.0,0.0,0.0,0.0
2748,Venezuela,VEN,2016,85,105,VEN16,0.0,2.0,1.0,3.0
2749,Vietnam,VNM,1980,30,38,VNM80,0.0,0.0,0.0,0.0
2750,Vietnam,VNM,1988,9,12,VNM88,0.0,0.0,0.0,0.0
2751,Vietnam,VNM,1992,7,10,VNM92,0.0,0.0,0.0,0.0
2752,Vietnam,VNM,1996,6,6,VNM96,0.0,0.0,0.0,0.0
2753,Vietnam,VNM,2000,7,7,VNM00,0.0,1.0,0.0,1.0
2754,Vietnam,VNM,2004,11,11,VNM04,0.0,0.0,0.0,0.0
2755,Vietnam,VNM,2008,13,18,VNM08,0.0,1.0,0.0,1.0
2756,Vietnam,VNM,2012,18,24,VNM12,0.0,0.0,1.0,1.0
2757,Vietnam,VNM,2016,22,28,VNM16,1.0,1.0,0.0,2.0
2758,West Germany,DEU,1968,362,569,DEU68,7.0,13.0,13.0,33.0
2759,West Germany,DEU,1972,502,709,DEU72,16.0,12.0,17.0,45.0
2760,West Germany,DEU,1976,361,557,DEU76,12.0,17.0,20.0,49.0
2761,West Germany,DEU,1980,80,118,DEU80,0.0,2.0,3.0,5.0
2762,West Germany,DEU,1984,474,691,DEU84,19.0,20.0,24.0,63.0
2763,West Germany,DEU,1988,437,671,DEU88,13.0,18.0,17.0,48.0
2764,Yugoslavia,YUG,1920,15,15,YUG20,0.0,0.0,0.0,0.0
2765,Yugoslavia,YUG,1924,46,123,YUG24,2.0,0.0,0.0,2.0
2766,Yugoslavia,YUG,1928,40,94,YUG28,1.0,1.0,3.0,5.0
2767,Yugoslavia,YUG,1932,1,1,YUG32,0.0,0.0,0.0,0.0
2768,Yugoslavia,YUG,1936,110,197,YUG36,0.0,1.0,0.0,1.0
2769,Yugoslavia,YUG,1948,107,192,YUG48,0.0,2.0,0.0,2.0
2770,Yugoslavia,YUG,1952,93,203,YUG52,1.0,2.0,0.0,3.0
2771,Yugoslavia,YUG,1956,52,73,YUG56,0.0,3.0,0.0,3.0
2772,Yugoslavia,YUG,1960,116,185,YUG60,1.0,1.0,0.0,2.0
2773,Yugoslavia,YUG,1964,106,177,YUG64,2.0,1.0,2.0,5.0
2774,Yugoslavia,YUG,1968,99,176,YUG68,3.0,3.0,2.0,8.0
2775,Yugoslavia,YUG,1972,152,243,YUG72,2.0,1.0,2.0,5.0
2776,Yugoslavia,YUG,1976,116,136,YUG76,2.0,3.0,3.0,8.0
2777,Yugoslavia,YUG,1980,179,207,YUG80,2.0,3.0,4.0,9.0
2778,Yugoslavia,YUG,1984,211,269,YUG84,7.0,5.0,7.0,19.0
2779,Yugoslavia,YUG,1988,177,232,YUG88,3.0,6.0,6.0,15.0
2780,Yugoslavia,YUG,1992,25,60,YUG92,0.0,0.0,0.0,0.0
2781,Zambia,ZMB,1964,12,15,ZMB64,0.0,0.0,0.0,0.0
2782,Zambia,ZMB,1968,7,7,ZMB68,0.0,0.0,0.0,0.0
2783,Zambia,ZMB,1972,11,12,ZMB72,0.0,0.0,0.0,0.0
2784,Zambia,ZMB,1980,37,43,ZMB80,0.0,0.0,0.0,0.0
2785,Zambia,ZMB,1984,16,18,ZMB84,0.0,0.0,1.0,1.0
2786,Zambia,ZMB,1988,29,33,ZMB88,0.0,0.0,0.0,0.0
2787,Zambia,ZMB,1992,9,11,ZMB92,0.0,0.0,0.0,0.0
2788,Zambia,ZMB,1996,8,8,ZMB96,0.0,1.0,0.0,1.0
2789,Zambia,ZMB,2000,8,8,ZMB00,0.0,0.0,0.0,0.0
2790,Zambia,ZMB,2004,6,6,ZMB04,0.0,0.0,0.0,0.0
2791,Zambia,ZMB,2008,8,8,ZMB08,0.0,0.0,0.0,0.0
2792,Zambia,ZMB,2012,7,7,ZMB12,0.0,0.0,0.0,0.0
2793,Zambia,ZMB,2016,7,7,ZMB16,0.0,0.0,0.0,0.0
2794,Zimbabwe,ZWE,1928,2,2,ZWE28,0.0,0.0,0.0,0.0
2795,Zimbabwe,ZWE,1960,4,10,ZWE60,0.0,0.0,0.0,0.0
2796,Zimbabwe,ZWE,1964,29,33,ZWE64,0.0,0.0,0.0,0.0
2797,Zimbabwe,ZWE,1980,42,52,ZWE80,1.0,0.0,0.0,1.0
2798,Zimbabwe,ZWE,1984,15,20,ZWE84,0.0,0.0,0.0,0.0
2799,Zimbabwe,ZWE,1988,29,47,ZWE88,0.0,0.0,0.0,0.0
2800,Zimbabwe,ZWE,1992,19,28,ZWE92,0.0,0.0,0.0,0.0
2801,Zimbabwe,ZWE,1996,13,21,ZWE96,0.0,0.0,0.0,0.0
2802,Zimbabwe,ZWE,2000,16,26,ZWE00,0.0,0.0,0.0,0.0
2803,Zimbabwe,ZWE,2004,12,14,ZWE04,1.0,1.0,1.0,3.0
2804,Zimbabwe,ZWE,2008,13,16,ZWE08,1.0,3.0,0.0,4.0
2805,Zimbabwe,ZWE,2012,7,9,ZWE12,0.0,0.0,0.0,0.0
2806,Zimbabwe,ZWE,2014,1,2,ZWE14,0.0,0.0,0.0,0.0
2807,Zimbabwe,ZWE,2016,30,31,ZWE16,0.0,0.0,0.0,0.0
